{"stats":{"minecraft:mined":{"minecraft:diamond_ore":2,"minecraft:spruce_planks":88,"minecraft:granite":5,"minecraft:acacia_log":23,"minecraft:grass_block":2262,"minecraft:spruce_leaves":82,"minecraft:sandstone":1,"minecraft:redstone_ore":14,"minecraft:iron_ore":94,"minecraft:andesite":15,"minecraft:pumpkin":19,"minecraft:azure_bluet":1,"minecraft:peony":2,"minecraft:oak_stairs":10,"minecraft:pink_tulip":1,"minecraft:stone":425,"minecraft:acacia_leaves":1,"minecraft:dandelion":1,"minecraft:crafting_table":3,"minecraft:cornflower":2,"minecraft:torch":7,"minecraft:emerald_ore":3,"minecraft:chest":4,"minecraft:dead_bush":1,"minecraft:cobblestone":11,"minecraft:tall_grass":24,"minecraft:lapis_ore":26,"minecraft:oak_planks":61,"minecraft:sugar_cane":8,"minecraft:diorite":95,"minecraft:wall_torch":4,"minecraft:birch_log":109,"minecraft:spruce_log":86,"minecraft:birch_leaves":5,"minecraft:grass_path":91,"minecraft:grass":103,"minecraft:oak_log":58,"minecraft:coal_ore":133,"minecraft:gravel":22,"minecraft:sand":18,"minecraft:dirt":783,"minecraft:gold_ore":7,"minecraft:oak_leaves":4},"minecraft:custom":{"minecraft:mob_kills":29,"minecraft:interact_with_crafting_table":21,"minecraft:leave_game":1,"minecraft:time_since_death":148813,"minecraft:climb_one_cm":828,"minecraft:sprint_one_cm":465255,"minecraft:walk_one_cm":1018092,"minecraft:damage_blocked_by_shield":330,"minecraft:drop":71,"minecraft:deaths":4,"minecraft:sneak_time":2670,"minecraft:walk_under_water_one_cm":10765,"minecraft:jump":1668,"minecraft:interact_with_blast_furnace":1,"minecraft:walk_on_water_one_cm":26316,"minecraft:interact_with_furnace":16,"minecraft:play_one_minute":194517,"minecraft:sleep_in_bed":9,"minecraft:time_since_rest":3809,"minecraft:damage_taken":2360,"minecraft:damage_dealt":5656,"minecraft:swim_one_cm":6625,"minecraft:fly_one_cm":158191,"minecraft:open_chest":68,"minecraft:crouch_one_cm":9239,"minecraft:fall_one_cm":16811},"minecraft:used":{"minecraft:peony":2,"minecraft:iron_shovel":2058,"minecraft:stone_shovel":1032,"minecraft:spruce_planks":178,"minecraft:chest":4,"minecraft:shield":7,"minecraft:iron_sword":127,"minecraft:torch":128,"minecraft:dirt":1490,"minecraft:azure_bluet":1,"minecraft:wooden_axe":14,"minecraft:iron_axe":462,"minecraft:oak_stairs":6,"minecraft:cooked_beef":6,"minecraft:cooked_mutton":3,"minecraft:water_bucket":7,"minecraft:pink_tulip":1,"minecraft:spruce_door":3,"minecraft:stone_pickaxe":332,"minecraft:oak_planks":194,"minecraft:sandstone":1,"minecraft:blue_bed":1,"minecraft:sand":2,"minecraft:crafting_table":6,"minecraft:oak_log":3,"minecraft:oxeye_daisy":1,"minecraft:iron_pickaxe":500,"minecraft:spruce_sapling":7,"minecraft:stone_axe":8,"minecraft:wooden_sword":27,"minecraft:cobblestone":95,"minecraft:cooked_porkchop":11,"minecraft:bucket":8,"minecraft:andesite":1,"minecraft:dandelion":2},"minecraft:picked_up":{"minecraft:wooden_axe":1,"minecraft:crafting_table":3,"minecraft:azure_bluet":1,"minecraft:chicken":3,"minecraft:oak_stairs":10,"minecraft:shield":1,"minecraft:cornflower":2,"minecraft:string":2,"minecraft:iron_axe":2,"minecraft:wooden_sword":3,"minecraft:spruce_planks":90,"minecraft:red_dye":1,"minecraft:poppy":2,"minecraft:iron_pickaxe":2,"minecraft:light_gray_wool":1,"minecraft:chest":4,"minecraft:sugar_cane":19,"minecraft:birch_sapling":2,"minecraft:iron_boots":2,"minecraft:stick":18,"minecraft:sandstone":1,"minecraft:torch":65,"minecraft:acacia_log":35,"minecraft:diorite":113,"minecraft:redstone":118,"minecraft:arrow":18,"minecraft:rotten_flesh":31,"minecraft:stone_shovel":2,"minecraft:peony":2,"minecraft:pink_tulip":1,"minecraft:cobblestone":587,"minecraft:oxeye_daisy":1,"minecraft:birch_log":109,"minecraft:feather":3,"minecraft:cooked_beef":10,"minecraft:andesite":25,"minecraft:brown_wool":1,"minecraft:light_gray_dye":1,"minecraft:oak_log":64,"minecraft:gunpowder":4,"minecraft:lapis_lazuli":172,"minecraft:dirt":3208,"minecraft:cooked_mutton":7,"minecraft:leather_boots":1,"minecraft:bone":16,"minecraft:bow":5,"minecraft:wheat_seeds":40,"minecraft:iron_ore":93,"minecraft:oak_planks":95,"minecraft:iron_sword":3,"minecraft:cooked_porkchop":8,"minecraft:pumpkin":18,"minecraft:dandelion":7,"minecraft:gravel":61,"minecraft:sand":18,"minecraft:spruce_sapling":19,"minecraft:white_bed":3,"minecraft:spruce_log":132,"minecraft:gold_ore":7,"minecraft:diamond":2,"minecraft:iron_helmet":1,"minecraft:granite":11,"minecraft:emerald":3,"minecraft:oak_sapling":1,"minecraft:coal":197},"minecraft:broken":{"minecraft:iron_shovel":8,"minecraft:stone_pickaxe":1,"minecraft:iron_axe":2,"minecraft:iron_pickaxe":2,"minecraft:stone_shovel":6},"minecraft:dropped":{"minecraft:gold_ore":7,"minecraft:iron_sword":1,"minecraft:wheat_seeds":6,"minecraft:lapis_lazuli":98,"minecraft:oak_log":17,"minecraft:diamond":2,"minecraft:cooked_porkchop":8,"minecraft:cobblestone":26,"minecraft:acacia_log":14,"minecraft:coal":1,"minecraft:stick":2,"minecraft:emerald":3,"minecraft:dirt":1,"minecraft:wooden_sword":1,"minecraft:sand":16,"minecraft:birch_log":109,"minecraft:acacia_planks":21,"minecraft:sugar_cane":19,"minecraft:rotten_flesh":1,"minecraft:white_bed":1,"minecraft:iron_ore":41},"minecraft:killed":{"minecraft:spider":1,"minecraft:skeleton":14,"minecraft:chicken":3,"minecraft:zombie":11},"minecraft:crafted":{"minecraft:wooden_sword":1,"minecraft:oak_planks":164,"minecraft:stone_shovel":8,"minecraft:bow":1,"minecraft:stone_pickaxe":3,"minecraft:cooked_porkchop":21,"minecraft:crafting_table":3,"minecraft:spruce_planks":160,"minecraft:spruce_door":3,"minecraft:blue_bed":1,"minecraft:stone_axe":1,"minecraft:air":0,"minecraft:blue_dye":2,"minecraft:stick":48,"minecraft:iron_ingot":4,"minecraft:wooden_axe":1,"minecraft:iron_shovel":8,"minecraft:acacia_planks":44,"minecraft:torch":68},"minecraft:killed_by":{"minecraft:skeleton":2,"minecraft:zombie":1}},"DataVersion":2586}