{"stats":{"minecraft:crafted":{"minecraft:oak_planks":488,"minecraft:barrel":1,"minecraft:oak_sign":6,"minecraft:bow":3,"minecraft:chest":22,"minecraft:stone_hoe":1,"minecraft:polished_diorite_slab":48,"minecraft:item_frame":3,"minecraft:oak_slab":6,"sophisticatedbackpacks:backpack":4,"minecraft:cooked_porkchop":21,"minecraft:crafting_table":3,"minecraft:spruce_planks":236,"minecraft:polished_andesite_stairs":4,"minecraft:spruce_door":3,"minecraft:hay_block":1,"minecraft:painting":5,"minecraft:spruce_trapdoor":16,"minecraft:lectern":1,"minecraft:yellow_dye":2,"minecraft:stick":240,"minecraft:iron_ingot":102,"minecraft:light_blue_bed":1,"minecraft:gold_ingot":2,"minecraft:spruce_fence_gate":8,"minecraft:polished_diorite_stairs":20,"minecraft:shears":1,"minecraft:polished_andesite":16,"minecraft:wooden_sword":1,"minecraft:oak_door":3,"minecraft:stone_shovel":12,"minecraft:iron_nugget":45,"minecraft:furnace":5,"minecraft:bone_meal":15,"minecraft:pink_dye":1,"minecraft:oak_trapdoor":4,"minecraft:polished_andesite_slab":12,"minecraft:glass_pane":80,"minecraft:lantern":5,"minecraft:polished_diorite":128,"minecraft:ladder":6,"minecraft:stone_pickaxe":7,"minecraft:cobblestone_wall":192,"minecraft:wheat":72,"sophisticatedbackpacks:iron_backpack":2,"minecraft:red_dye":1,"minecraft:yellow_carpet":9,"minecraft:iron_sword":1,"minecraft:blue_bed":1,"minecraft:polished_granite":24,"minecraft:bucket":1,"minecraft:stone_axe":2,"minecraft:orange_dye":1,"minecraft:air":0,"minecraft:jungle_planks":28,"minecraft:blue_dye":3,"minecraft:oak_fence_gate":2,"minecraft:white_dye":2,"minecraft:birch_trapdoor":2,"minecraft:wooden_axe":1,"minecraft:iron_shovel":8,"minecraft:acacia_planks":44,"minecraft:torch":280,"minecraft:blue_carpet":9},"minecraft:custom":{"minecraft:animals_bred":38,"minecraft:interact_with_crafting_table":91,"minecraft:leave_game":4,"minecraft:time_since_death":430941,"minecraft:sprint_one_cm":1350066,"minecraft:damage_blocked_by_shield":500,"minecraft:drop":117,"minecraft:talked_to_villager":3,"minecraft:deaths":4,"minecraft:jump":2965,"minecraft:walk_on_water_one_cm":62994,"minecraft:interact_with_furnace":35,"minecraft:play_one_minute":476645,"minecraft:sleep_in_bed":17,"minecraft:damage_dealt":9576,"minecraft:crouch_one_cm":11615,"minecraft:mob_kills":61,"minecraft:climb_one_cm":2482,"minecraft:walk_one_cm":2371150,"minecraft:sneak_time":4065,"minecraft:walk_under_water_one_cm":28147,"minecraft:interact_with_blast_furnace":1,"minecraft:time_since_rest":52721,"minecraft:damage_taken":2897,"minecraft:swim_one_cm":12019,"minecraft:fly_one_cm":403067,"minecraft:open_chest":369,"minecraft:fall_one_cm":28089},"minecraft:mined":{"minecraft:blue_carpet":9,"minecraft:spruce_planks":98,"minecraft:spruce_trapdoor":14,"minecraft:granite":30,"minecraft:acacia_log":23,"minecraft:grass_block":2747,"minecraft:yellow_carpet":13,"minecraft:polished_diorite":10,"minecraft:oxeye_daisy":27,"minecraft:iron_ore":98,"minecraft:barrel":1,"minecraft:pumpkin":19,"minecraft:azure_bluet":15,"minecraft:oak_stairs":10,"minecraft:pink_tulip":49,"minecraft:torch":66,"minecraft:poppy":11,"minecraft:polished_andesite_stairs":1,"minecraft:chest":12,"minecraft:dead_bush":1,"minecraft:polished_diorite_slab":20,"minecraft:cobblestone":25,"minecraft:sugar_cane":256,"minecraft:oak_planks":84,"minecraft:wall_torch":32,"minecraft:polished_diorite_stairs":2,"minecraft:birch_log":109,"minecraft:wheat":70,"minecraft:birch_trapdoor":1,"minecraft:lilac":6,"minecraft:orange_tulip":9,"minecraft:grass":160,"minecraft:oak_log":58,"minecraft:sand":18,"minecraft:dirt":1015,"minecraft:oak_leaves":6,"minecraft:diamond_ore":2,"minecraft:polished_andesite_slab":2,"minecraft:spruce_leaves":141,"minecraft:sandstone":1,"minecraft:hay_block":10,"minecraft:redstone_ore":14,"minecraft:oak_trapdoor":10,"minecraft:furnace":3,"minecraft:carrots":117,"minecraft:andesite":22,"minecraft:peony":2,"minecraft:potatoes":107,"minecraft:stone":728,"minecraft:acacia_leaves":1,"minecraft:glass_pane":3,"minecraft:lily_of_the_valley":20,"minecraft:dandelion":13,"minecraft:crafting_table":5,"minecraft:cornflower":23,"minecraft:emerald_ore":3,"minecraft:tall_grass":51,"minecraft:lapis_ore":26,"minecraft:diorite":133,"minecraft:light_blue_bed":1,"minecraft:cobblestone_wall":35,"minecraft:spruce_log":132,"minecraft:birch_leaves":5,"minecraft:grass_path":91,"minecraft:coal_ore":133,"minecraft:gravel":22,"minecraft:spruce_fence_gate":4,"minecraft:gold_ore":7},"minecraft:broken":{"minecraft:iron_shovel":8,"minecraft:stone_pickaxe":5,"minecraft:stone_axe":1,"minecraft:stone_shovel":12,"minecraft:iron_axe":2,"minecraft:iron_pickaxe":2},"minecraft:killed_by":{"minecraft:zombie":1,"minecraft:skeleton":2},"minecraft:used":{"minecraft:peony":4,"minecraft:iron_shovel":2058,"minecraft:poppy":10,"minecraft:ladder":6,"minecraft:oak_sign":5,"minecraft:chest":32,"minecraft:shield":12,"minecraft:iron_sword":269,"minecraft:lily_of_the_valley":36,"minecraft:carrot":176,"minecraft:azure_bluet":15,"minecraft:lantern":2,"minecraft:birch_sapling":2,"minecraft:polished_andesite_stairs":5,"minecraft:light_blue_bed":1,"minecraft:item_frame":2,"minecraft:birch_trapdoor":3,"minecraft:bow":3,"minecraft:hay_block":5,"minecraft:furnace":9,"minecraft:oak_sapling":1,"minecraft:polished_diorite_stairs":22,"minecraft:egg":1,"minecraft:potato":136,"minecraft:diorite":2,"minecraft:spruce_door":3,"minecraft:stone_pickaxe":798,"minecraft:oak_planks":194,"minecraft:orange_tulip":8,"minecraft:polished_diorite_slab":66,"minecraft:sandstone":1,"minecraft:blue_bed":1,"minecraft:sugar_cane":25,"minecraft:sand":2,"minecraft:shears":57,"minecraft:lectern":1,"minecraft:lilac":6,"minecraft:polished_andesite_slab":13,"minecraft:wooden_sword":27,"minecraft:andesite":1,"minecraft:bone_meal":15,"minecraft:oak_trapdoor":17,"sophisticatedbackpacks:iron_backpack":1,"minecraft:stone_shovel":1709,"minecraft:spruce_planks":225,"minecraft:stone_hoe":60,"minecraft:oak_door":3,"minecraft:torch":338,"minecraft:dirt":1854,"minecraft:cobblestone_wall":227,"minecraft:yellow_carpet":13,"minecraft:oak_fence_gate":2,"minecraft:polished_diorite":45,"minecraft:wooden_axe":14,"minecraft:bookshelf":1,"minecraft:iron_axe":462,"minecraft:oak_stairs":6,"minecraft:barrel":2,"minecraft:cooked_beef":6,"minecraft:wheat_seeds":82,"minecraft:cooked_mutton":3,"minecraft:water_bucket":70,"minecraft:pink_tulip":46,"minecraft:spruce_fence_gate":12,"minecraft:crafting_table":8,"minecraft:spruce_log":24,"minecraft:oak_log":3,"minecraft:cornflower":24,"minecraft:oxeye_daisy":28,"minecraft:iron_pickaxe":500,"minecraft:spruce_trapdoor":30,"minecraft:spruce_sapling":17,"minecraft:stone_axe":140,"minecraft:blue_carpet":9,"minecraft:cobblestone":112,"minecraft:cooked_porkchop":22,"minecraft:bucket":70,"minecraft:glass_pane":41,"minecraft:dandelion":12},"minecraft:dropped":{"minecraft:gold_ore":7,"minecraft:iron_sword":1,"minecraft:lapis_lazuli":98,"minecraft:oak_log":17,"minecraft:diamond":2,"minecraft:cooked_porkchop":8,"minecraft:emerald":3,"minecraft:dirt":1,"minecraft:wooden_sword":1,"minecraft:sand":16,"minecraft:birch_log":109,"minecraft:gold_ingot":2,"minecraft:sugar_cane":19,"minecraft:rotten_flesh":44,"minecraft:white_bed":1,"minecraft:iron_ore":41,"minecraft:wheat_seeds":6,"minecraft:cobblestone":26,"minecraft:acacia_log":14,"minecraft:coal":1,"minecraft:stick":2,"minecraft:acacia_planks":21,"sophisticatedbackpacks:backpack":1},"minecraft:picked_up":{"minecraft:wooden_axe":1,"minecraft:wheat":66,"minecraft:yellow_wool":11,"minecraft:oak_stairs":10,"minecraft:string":10,"minecraft:oak_sign":1,"minecraft:spruce_planks":101,"minecraft:red_dye":2,"minecraft:iron_pickaxe":2,"minecraft:iron_boots":2,"minecraft:furnace":4,"minecraft:blue_wool":19,"minecraft:stick":26,"minecraft:birch_trapdoor":1,"minecraft:torch":191,"minecraft:acacia_log":35,"minecraft:porkchop":24,"minecraft:diorite":153,"minecraft:rotten_flesh":57,"minecraft:light_blue_wool":4,"minecraft:cobblestone":1498,"minecraft:birch_log":109,"minecraft:cooked_beef":10,"minecraft:polished_diorite_slab":27,"minecraft:feather":5,"minecraft:lilac":6,"minecraft:andesite":34,"minecraft:brown_wool":72,"minecraft:potato":380,"minecraft:light_gray_dye":1,"minecraft:lapis_lazuli":172,"minecraft:dirt":3971,"minecraft:polished_granite":48,"minecraft:leather_boots":1,"minecraft:bone":31,"minecraft:bow":5,"minecraft:orange_tulip":9,"minecraft:wheat_seeds":281,"minecraft:oak_planks":118,"minecraft:cooked_porkchop":8,"minecraft:poisonous_potato":4,"minecraft:sand":18,"minecraft:lily_of_the_valley":38,"minecraft:barrel":1,"minecraft:orange_wool":11,"minecraft:polished_andesite":8,"minecraft:spruce_fence_gate":4,"minecraft:yellow_carpet":13,"minecraft:diamond":2,"minecraft:granite":39,"minecraft:grass":8,"minecraft:emerald":3,"minecraft:oak_sapling":3,"minecraft:spruce_leaves":52,"minecraft:crafting_table":5,"minecraft:azure_bluet":15,"minecraft:chicken":5,"minecraft:pink_wool":16,"minecraft:shield":1,"minecraft:cornflower":27,"minecraft:oak_trapdoor":10,"minecraft:iron_axe":2,"minecraft:wooden_sword":3,"minecraft:beef":7,"minecraft:poppy":13,"minecraft:light_gray_wool":1,"minecraft:chest":12,"minecraft:sugar_cane":583,"minecraft:birch_sapling":2,"minecraft:spruce_trapdoor":14,"minecraft:egg":19,"minecraft:sandstone":1,"sophisticatedbackpacks:backpack":1,"minecraft:carrot":420,"minecraft:redstone":118,"minecraft:light_blue_bed":1,"minecraft:blue_carpet":8,"minecraft:arrow":23,"minecraft:stone_shovel":2,"minecraft:peony":2,"minecraft:hay_block":10,"minecraft:pink_tulip":47,"minecraft:mutton":5,"minecraft:white_wool":32,"minecraft:oxeye_daisy":28,"minecraft:leather":3,"minecraft:oak_log":64,"minecraft:gunpowder":9,"minecraft:cobblestone_wall":66,"minecraft:cooked_mutton":7,"minecraft:iron_ore":97,"minecraft:polished_andesite_slab":4,"minecraft:iron_sword":3,"minecraft:book":2,"minecraft:polished_andesite_stairs":1,"minecraft:pumpkin":18,"minecraft:red_wool":14,"minecraft:dandelion":18,"minecraft:gravel":61,"minecraft:spruce_sapling":40,"minecraft:white_bed":3,"minecraft:spruce_log":175,"minecraft:gold_ore":7,"minecraft:spider_eye":2,"minecraft:polished_diorite_stairs":2,"minecraft:polished_diorite":116,"minecraft:stone_axe":1,"minecraft:iron_helmet":1,"minecraft:coal":276},"minecraft:killed":{"minecraft:spider":7,"minecraft:skeleton":15,"minecraft:chicken":5,"minecraft:pig":9,"minecraft:creeper":2,"minecraft:sheep":3,"minecraft:zombie":14,"minecraft:cow":4}},"DataVersion":2586}