{"stats":{"minecraft:crafted":{"minecraft:oak_planks":496,"minecraft:barrel":11,"minecraft:oak_sign":6,"minecraft:bow":3,"minecraft:chest":22,"minecraft:oak_button":1,"minecraft:stone_hoe":2,"minecraft:oak_fence":6,"minecraft:polished_diorite_slab":48,"minecraft:item_frame":3,"minecraft:oak_slab":66,"sophisticatedbackpacks:backpack":4,"minecraft:cooked_porkchop":21,"minecraft:crafting_table":5,"minecraft:spruce_planks":328,"minecraft:polished_andesite_stairs":4,"minecraft:spruce_door":3,"minecraft:hay_block":1,"minecraft:painting":5,"minecraft:spruce_trapdoor":34,"minecraft:lectern":1,"minecraft:yellow_dye":2,"minecraft:stick":256,"minecraft:iron_ingot":102,"minecraft:light_blue_bed":1,"minecraft:gold_ingot":2,"minecraft:spruce_fence_gate":8,"minecraft:polished_diorite_stairs":20,"minecraft:shears":1,"minecraft:polished_andesite":16,"minecraft:wooden_sword":1,"minecraft:oak_door":3,"minecraft:stone_shovel":13,"minecraft:iron_nugget":72,"minecraft:spruce_button":1,"minecraft:furnace":8,"minecraft:bone_meal":15,"minecraft:pink_dye":1,"minecraft:oak_trapdoor":8,"minecraft:polished_andesite_slab":12,"minecraft:glass_pane":80,"minecraft:lantern":8,"minecraft:spruce_stairs":4,"minecraft:polished_diorite":128,"minecraft:ladder":9,"minecraft:stone_pickaxe":7,"minecraft:cobblestone_wall":198,"sophisticatedbackpacks:iron_backpack":2,"minecraft:wheat":72,"minecraft:red_dye":1,"minecraft:spruce_sign":6,"minecraft:yellow_carpet":9,"minecraft:iron_sword":1,"minecraft:blue_bed":1,"minecraft:polished_granite":24,"minecraft:bucket":1,"minecraft:stone_axe":2,"minecraft:orange_dye":1,"minecraft:air":0,"minecraft:jungle_planks":28,"minecraft:blue_dye":3,"minecraft:oak_fence_gate":2,"minecraft:white_dye":2,"minecraft:oak_stairs":16,"minecraft:birch_trapdoor":2,"minecraft:wooden_axe":1,"minecraft:iron_shovel":8,"minecraft:acacia_planks":44,"minecraft:torch":280,"minecraft:blue_carpet":9},"minecraft:custom":{"minecraft:animals_bred":38,"minecraft:interact_with_crafting_table":114,"minecraft:open_barrel":3,"minecraft:leave_game":5,"minecraft:time_since_death":507658,"minecraft:sprint_one_cm":1351669,"minecraft:damage_blocked_by_shield":500,"minecraft:drop":120,"minecraft:talked_to_villager":4,"minecraft:deaths":4,"minecraft:jump":3136,"minecraft:walk_on_water_one_cm":69586,"minecraft:interact_with_furnace":36,"minecraft:play_one_minute":553362,"minecraft:sleep_in_bed":17,"minecraft:damage_dealt":9576,"minecraft:crouch_one_cm":14879,"minecraft:mob_kills":61,"minecraft:climb_one_cm":5898,"minecraft:walk_one_cm":2717900,"minecraft:sneak_time":6253,"minecraft:walk_under_water_one_cm":36470,"minecraft:interact_with_blast_furnace":1,"minecraft:time_since_rest":129438,"minecraft:damage_taken":2897,"minecraft:swim_one_cm":12019,"minecraft:fly_one_cm":403120,"minecraft:open_chest":434,"minecraft:fall_one_cm":28300},"minecraft:mined":{"minecraft:blue_carpet":15,"minecraft:spruce_planks":111,"minecraft:spruce_trapdoor":21,"minecraft:granite":30,"minecraft:acacia_log":23,"minecraft:grass_block":2747,"minecraft:yellow_carpet":24,"minecraft:polished_diorite":27,"minecraft:oak_wall_sign":1,"minecraft:oxeye_daisy":35,"minecraft:iron_ore":98,"minecraft:barrel":3,"minecraft:pumpkin":19,"minecraft:azure_bluet":18,"minecraft:oak_stairs":18,"minecraft:pink_tulip":54,"minecraft:torch":68,"minecraft:poppy":12,"minecraft:polished_andesite_stairs":1,"minecraft:chest":14,"minecraft:dead_bush":1,"minecraft:spruce_wall_sign":1,"minecraft:polished_diorite_slab":20,"minecraft:glass":4,"minecraft:cobblestone":25,"minecraft:sugar_cane":256,"minecraft:oak_planks":98,"minecraft:wall_torch":36,"minecraft:polished_diorite_stairs":2,"minecraft:birch_log":109,"minecraft:wheat":70,"minecraft:birch_trapdoor":1,"minecraft:lilac":6,"minecraft:orange_tulip":12,"minecraft:grass":161,"minecraft:oak_log":58,"minecraft:sand":18,"minecraft:dirt":1085,"minecraft:oak_leaves":6,"minecraft:diamond_ore":2,"minecraft:polished_andesite_slab":2,"minecraft:spruce_leaves":141,"minecraft:sandstone":1,"minecraft:hay_block":10,"minecraft:redstone_ore":14,"minecraft:oak_trapdoor":12,"minecraft:furnace":3,"minecraft:carrots":117,"minecraft:andesite":22,"minecraft:peony":4,"minecraft:potatoes":107,"minecraft:lantern":2,"minecraft:stone":756,"minecraft:oak_slab":1,"minecraft:acacia_leaves":1,"minecraft:glass_pane":3,"minecraft:lily_of_the_valley":23,"minecraft:dandelion":14,"minecraft:crafting_table":6,"minecraft:cornflower":24,"minecraft:emerald_ore":3,"minecraft:tall_grass":51,"minecraft:lapis_ore":26,"minecraft:diorite":135,"minecraft:spruce_stairs":2,"minecraft:birch_planks":12,"minecraft:light_blue_bed":3,"minecraft:cobblestone_wall":35,"minecraft:spruce_log":132,"minecraft:birch_leaves":5,"minecraft:grass_path":91,"minecraft:coal_ore":133,"minecraft:gravel":22,"minecraft:spruce_fence_gate":4,"minecraft:gold_ore":7},"minecraft:broken":{"minecraft:iron_shovel":8,"minecraft:stone_pickaxe":5,"minecraft:stone_axe":1,"minecraft:stone_shovel":12,"minecraft:iron_axe":2,"minecraft:iron_pickaxe":2},"minecraft:killed_by":{"minecraft:zombie":1,"minecraft:skeleton":2},"minecraft:used":{"minecraft:peony":6,"minecraft:iron_shovel":2058,"minecraft:poppy":11,"minecraft:ladder":9,"minecraft:oak_sign":8,"minecraft:chest":34,"minecraft:shield":12,"minecraft:iron_sword":269,"minecraft:lily_of_the_valley":39,"minecraft:carrot":180,"minecraft:azure_bluet":18,"minecraft:glass":16,"minecraft:lantern":10,"minecraft:birch_sapling":2,"minecraft:polished_andesite_stairs":5,"minecraft:light_blue_bed":4,"minecraft:item_frame":3,"minecraft:birch_trapdoor":3,"minecraft:bow":3,"minecraft:hay_block":5,"minecraft:furnace":12,"minecraft:oak_sapling":1,"minecraft:polished_diorite_stairs":22,"minecraft:egg":1,"minecraft:potato":136,"minecraft:diorite":2,"minecraft:spruce_door":3,"minecraft:stone_pickaxe":849,"minecraft:oak_planks":198,"minecraft:orange_tulip":11,"minecraft:polished_diorite_slab":66,"minecraft:sandstone":1,"minecraft:blue_bed":1,"minecraft:sugar_cane":25,"minecraft:sand":2,"minecraft:shears":57,"minecraft:lectern":1,"minecraft:lilac":6,"minecraft:polished_andesite_slab":13,"minecraft:wooden_sword":27,"minecraft:andesite":1,"minecraft:bone_meal":15,"minecraft:oak_fence":6,"minecraft:oak_trapdoor":24,"sophisticatedbackpacks:iron_backpack":1,"minecraft:stone_shovel":1762,"minecraft:spruce_planks":238,"minecraft:stone_hoe":68,"minecraft:oak_door":3,"minecraft:torch":342,"minecraft:dirt":1874,"minecraft:spruce_stairs":2,"minecraft:cobblestone_wall":227,"minecraft:yellow_carpet":27,"minecraft:oak_fence_gate":2,"minecraft:polished_diorite":75,"minecraft:wooden_axe":14,"minecraft:bookshelf":2,"minecraft:iron_axe":462,"minecraft:oak_stairs":27,"minecraft:barrel":14,"minecraft:cooked_beef":6,"minecraft:wheat_seeds":82,"minecraft:cooked_mutton":3,"minecraft:water_bucket":85,"minecraft:pink_tulip":51,"minecraft:spruce_sign":7,"minecraft:spruce_fence_gate":12,"minecraft:oak_slab":18,"minecraft:crafting_table":11,"minecraft:painting":61,"minecraft:spruce_log":24,"minecraft:oak_log":9,"minecraft:cornflower":25,"minecraft:oxeye_daisy":35,"minecraft:iron_pickaxe":500,"minecraft:spruce_trapdoor":53,"minecraft:spruce_sapling":17,"minecraft:stone_axe":207,"minecraft:blue_carpet":15,"minecraft:cobblestone":116,"minecraft:cooked_porkchop":22,"minecraft:bucket":85,"minecraft:glass_pane":41,"minecraft:dandelion":13},"minecraft:dropped":{"minecraft:gold_ore":7,"minecraft:iron_sword":1,"minecraft:lapis_lazuli":98,"minecraft:oak_log":17,"minecraft:diamond":2,"minecraft:cooked_porkchop":8,"minecraft:emerald":3,"minecraft:dirt":1,"minecraft:wooden_sword":1,"minecraft:sand":16,"minecraft:birch_log":109,"minecraft:white_wool":12,"minecraft:gold_ingot":2,"minecraft:stone_axe":1,"minecraft:sugar_cane":19,"minecraft:rotten_flesh":44,"minecraft:white_bed":1,"minecraft:iron_ore":41,"minecraft:wheat_seeds":6,"minecraft:cobblestone":26,"minecraft:acacia_log":14,"minecraft:coal":1,"minecraft:stick":2,"minecraft:acacia_planks":21,"minecraft:spruce_sapling":1,"sophisticatedbackpacks:backpack":1},"minecraft:picked_up":{"minecraft:wooden_axe":1,"minecraft:wheat":66,"minecraft:yellow_wool":11,"minecraft:oak_stairs":18,"minecraft:string":10,"minecraft:oak_sign":4,"minecraft:spruce_planks":122,"minecraft:red_dye":2,"minecraft:iron_pickaxe":2,"minecraft:iron_boots":2,"minecraft:furnace":5,"minecraft:blue_wool":19,"minecraft:stick":27,"minecraft:birch_trapdoor":1,"minecraft:torch":322,"minecraft:acacia_log":35,"minecraft:spruce_stairs":2,"minecraft:porkchop":24,"minecraft:diorite":157,"minecraft:rotten_flesh":63,"minecraft:light_blue_wool":4,"minecraft:cobblestone":1526,"minecraft:birch_log":109,"minecraft:cooked_beef":10,"minecraft:polished_diorite_slab":30,"minecraft:feather":6,"minecraft:lilac":6,"minecraft:water_bucket":1,"minecraft:andesite":34,"minecraft:brown_wool":72,"minecraft:potato":380,"minecraft:light_gray_dye":1,"minecraft:lapis_lazuli":172,"minecraft:dirt":4143,"minecraft:lantern":2,"minecraft:polished_granite":48,"minecraft:leather_boots":1,"minecraft:glass":17,"minecraft:bone":31,"minecraft:bow":6,"minecraft:orange_tulip":12,"minecraft:wheat_seeds":294,"minecraft:oak_planks":141,"minecraft:cooked_porkchop":19,"minecraft:poisonous_potato":4,"minecraft:jungle_planks":28,"minecraft:sand":18,"sophisticatedbackpacks:iron_backpack":1,"minecraft:lily_of_the_valley":41,"minecraft:barrel":3,"minecraft:orange_wool":11,"minecraft:polished_andesite":8,"minecraft:spruce_fence_gate":4,"minecraft:yellow_carpet":33,"minecraft:diamond":2,"minecraft:granite":39,"minecraft:grass":8,"minecraft:spruce_sign":1,"minecraft:emerald":3,"minecraft:oak_sapling":3,"minecraft:spruce_leaves":104,"minecraft:crafting_table":6,"minecraft:azure_bluet":18,"minecraft:chicken":5,"minecraft:pink_wool":16,"minecraft:shield":2,"minecraft:cornflower":28,"minecraft:oak_trapdoor":13,"minecraft:iron_axe":2,"minecraft:wooden_sword":3,"minecraft:item_frame":2,"minecraft:beef":7,"minecraft:iron_nugget":5,"minecraft:poppy":14,"minecraft:light_gray_wool":1,"minecraft:chest":14,"minecraft:sugar_cane":584,"minecraft:birch_sapling":2,"minecraft:spruce_trapdoor":22,"minecraft:egg":27,"minecraft:sandstone":1,"sophisticatedbackpacks:backpack":1,"minecraft:carrot":457,"minecraft:redstone":118,"minecraft:light_blue_bed":3,"minecraft:blue_carpet":22,"minecraft:arrow":38,"minecraft:stone_shovel":2,"minecraft:peony":4,"minecraft:shears":1,"minecraft:hay_block":10,"minecraft:pink_tulip":52,"minecraft:mutton":5,"minecraft:white_wool":56,"minecraft:oxeye_daisy":35,"minecraft:leather":3,"minecraft:birch_planks":26,"minecraft:oak_log":64,"minecraft:gunpowder":9,"minecraft:cobblestone_wall":66,"minecraft:cooked_mutton":7,"minecraft:stone_pickaxe":1,"minecraft:iron_ore":97,"minecraft:polished_andesite_slab":4,"minecraft:iron_sword":5,"minecraft:book":3,"minecraft:oak_slab":1,"minecraft:polished_andesite_stairs":1,"minecraft:pumpkin":18,"minecraft:red_wool":14,"minecraft:dandelion":24,"minecraft:gravel":61,"minecraft:spruce_sapling":42,"minecraft:white_bed":3,"minecraft:spruce_log":175,"minecraft:gold_ore":7,"minecraft:spider_eye":2,"minecraft:polished_diorite_stairs":2,"minecraft:polished_diorite":159,"minecraft:stone_axe":2,"minecraft:iron_helmet":1,"minecraft:painting":59,"minecraft:coal":295},"minecraft:killed":{"minecraft:spider":7,"minecraft:skeleton":15,"minecraft:chicken":5,"minecraft:pig":9,"minecraft:creeper":2,"minecraft:sheep":3,"minecraft:zombie":14,"minecraft:cow":4}},"DataVersion":2586}