{"stats":{"minecraft:dropped":{"sophisticatedbackpacks:iron_backpack":1,"minecraft:gold_ore":7,"minecraft:iron_sword":1,"minecraft:lapis_lazuli":98,"minecraft:oak_log":37,"minecraft:diamond":2,"minecraft:cooked_porkchop":8,"minecraft:emerald":3,"minecraft:dirt":1,"minecraft:wooden_sword":1,"minecraft:sand":16,"minecraft:birch_log":122,"minecraft:white_wool":12,"minecraft:gold_ingot":2,"minecraft:stone_axe":2,"minecraft:sugar_cane":19,"minecraft:rotten_flesh":44,"minecraft:white_bed":1,"minecraft:iron_ore":41,"minecraft:wheat_seeds":6,"minecraft:cobblestone":26,"minecraft:book":3,"minecraft:acacia_log":14,"minecraft:coal":1,"minecraft:stick":2,"minecraft:acacia_planks":21,"minecraft:spruce_sapling":1,"minecraft:stone_shovel":1,"sophisticatedbackpacks:backpack":1},"minecraft:picked_up":{"minecraft:wooden_axe":1,"minecraft:wheat":112,"minecraft:anvil":3,"minecraft:yellow_wool":14,"minecraft:smithing_table":3,"minecraft:diamond_sword":1,"minecraft:oak_stairs":18,"minecraft:potion":5,"minecraft:brewing_stand":1,"minecraft:lapis_block":1,"minecraft:string":10,"minecraft:oak_sign":4,"minecraft:spruce_planks":123,"minecraft:red_dye":2,"minecraft:iron_pickaxe":2,"minecraft:melon_slice":83,"minecraft:furnace":5,"minecraft:iron_boots":2,"minecraft:blue_wool":26,"minecraft:stick":47,"minecraft:birch_trapdoor":1,"minecraft:torch":379,"minecraft:acacia_log":35,"minecraft:spruce_stairs":7,"minecraft:porkchop":30,"minecraft:diorite":157,"minecraft:rotten_flesh":63,"minecraft:light_blue_wool":9,"minecraft:cobblestone":2097,"minecraft:birch_log":129,"minecraft:enchanting_table":1,"minecraft:cooked_beef":10,"minecraft:polished_diorite_slab":31,"minecraft:feather":13,"minecraft:lilac":6,"minecraft:water_bucket":1,"minecraft:andesite":36,"minecraft:brown_wool":75,"minecraft:smoker":3,"minecraft:potato":762,"minecraft:light_gray_dye":1,"minecraft:lapis_lazuli":172,"minecraft:dirt":5194,"minecraft:lantern":4,"minecraft:polished_granite":48,"minecraft:leather_boots":1,"minecraft:bone":31,"minecraft:glass":17,"minecraft:stonecutter":2,"minecraft:bow":6,"minecraft:orange_tulip":19,"minecraft:wheat_seeds":431,"minecraft:grindstone":2,"minecraft:fletching_table":3,"minecraft:oak_planks":154,"minecraft:cooked_porkchop":19,"minecraft:poisonous_potato":7,"minecraft:jungle_planks":28,"minecraft:sand":19,"sophisticatedbackpacks:iron_backpack":2,"minecraft:lily_of_the_valley":51,"minecraft:barrel":3,"minecraft:orange_wool":14,"minecraft:polished_andesite":8,"minecraft:spruce_fence_gate":4,"minecraft:yellow_carpet":44,"minecraft:diamond":2,"minecraft:lever":4,"minecraft:granite":39,"minecraft:grass":8,"minecraft:spruce_sign":1,"minecraft:emerald":3,"minecraft:oak_sapling":9,"minecraft:diamond_pickaxe":1,"minecraft:spruce_leaves":104,"minecraft:crafting_table":12,"minecraft:azure_bluet":39,"minecraft:splash_potion":1,"minecraft:chicken":11,"minecraft:pink_wool":20,"minecraft:stone_brick_wall":1,"minecraft:acacia_button":2,"minecraft:shield":2,"minecraft:cornflower":41,"minecraft:oak_trapdoor":13,"minecraft:iron_axe":2,"minecraft:wooden_sword":3,"minecraft:item_frame":3,"minecraft:cartography_table":2,"minecraft:beef":15,"minecraft:iron_nugget":5,"minecraft:poppy":18,"minecraft:light_gray_wool":1,"minecraft:chest":20,"minecraft:sugar_cane":872,"minecraft:birch_sapling":11,"minecraft:spruce_trapdoor":34,"minecraft:egg":65,"minecraft:sandstone":1,"minecraft:spruce_fence":3,"minecraft:note_block":8,"sophisticatedbackpacks:backpack":1,"minecraft:carrot":1045,"minecraft:redstone":132,"minecraft:light_blue_bed":3,"minecraft:blue_carpet":23,"minecraft:arrow":38,"minecraft:stone_shovel":2,"minecraft:peony":6,"minecraft:shears":1,"minecraft:diamond_boots":1,"minecraft:hay_block":10,"minecraft:pink_tulip":94,"minecraft:mutton":13,"minecraft:white_wool":72,"minecraft:oxeye_daisy":63,"minecraft:leather":10,"minecraft:birch_planks":30,"minecraft:oak_log":185,"minecraft:gunpowder":9,"minecraft:cobblestone_wall":68,"minecraft:cobblestone_stairs":2,"minecraft:cooked_mutton":7,"minecraft:red_carpet":20,"minecraft:apple":1,"minecraft:stone_bricks":7,"minecraft:stone_pickaxe":1,"minecraft:iron_ore":106,"minecraft:polished_andesite_slab":4,"minecraft:iron_sword":5,"minecraft:oak_slab":1,"minecraft:book":120,"minecraft:polished_andesite_stairs":1,"minecraft:pumpkin":18,"minecraft:red_wool":21,"minecraft:dandelion":36,"minecraft:gravel":61,"minecraft:spruce_sapling":60,"minecraft:blast_furnace":5,"minecraft:white_bed":3,"minecraft:spruce_log":227,"minecraft:gold_ore":7,"minecraft:spider_eye":2,"minecraft:polished_diorite_stairs":3,"minecraft:polished_diorite":159,"minecraft:stone_axe":2,"minecraft:iron_helmet":1,"minecraft:diamond_axe":1,"minecraft:painting":83,"minecraft:oak_button":5,"minecraft:coal":295},"minecraft:killed":{"minecraft:spider":7,"minecraft:skeleton":15,"minecraft:chicken":11,"minecraft:pig":12,"minecraft:creeper":2,"minecraft:sheep":8,"minecraft:zombie":14,"minecraft:cow":10,"minecraft:villager":1},"minecraft:mined":{"minecraft:blue_carpet":16,"minecraft:spruce_planks":112,"minecraft:cobblestone_stairs":2,"minecraft:brewing_stand":1,"minecraft:spruce_trapdoor":33,"minecraft:granite":30,"minecraft:acacia_log":23,"minecraft:grass_block":2878,"minecraft:stone_brick_wall":1,"sophisticatedbackpacks:iron_backpack":1,"minecraft:yellow_carpet":36,"minecraft:polished_diorite":27,"minecraft:oak_wall_sign":1,"minecraft:oxeye_daisy":39,"minecraft:iron_ore":107,"minecraft:barrel":3,"minecraft:pumpkin":19,"minecraft:anvil":3,"minecraft:fletching_table":3,"minecraft:azure_bluet":24,"minecraft:enchanting_table":1,"minecraft:oak_stairs":18,"minecraft:pink_tulip":59,"minecraft:smoker":3,"minecraft:note_block":8,"minecraft:torch":86,"minecraft:blast_furnace":5,"minecraft:melon":16,"minecraft:poppy":12,"minecraft:polished_andesite_stairs":1,"minecraft:chest":20,"minecraft:dead_bush":1,"minecraft:spruce_wall_sign":1,"minecraft:polished_diorite_slab":21,"minecraft:glass":22,"minecraft:cobblestone":30,"minecraft:grindstone":2,"minecraft:sugar_cane":381,"minecraft:oak_planks":111,"minecraft:wall_torch":47,"minecraft:polished_diorite_stairs":3,"minecraft:lapis_block":1,"minecraft:birch_log":129,"minecraft:wheat":118,"minecraft:birch_trapdoor":1,"minecraft:lilac":6,"minecraft:orange_tulip":13,"minecraft:grass":172,"minecraft:oak_log":115,"minecraft:sand":19,"minecraft:dirt":2025,"minecraft:stonecutter":2,"minecraft:oak_leaves":23,"minecraft:diamond_ore":2,"minecraft:red_carpet":26,"minecraft:lever":4,"minecraft:spruce_fence":3,"minecraft:acacia_button":2,"minecraft:redstone_wire":14,"minecraft:polished_andesite_slab":2,"minecraft:cartography_table":2,"minecraft:spruce_leaves":181,"minecraft:sandstone":1,"minecraft:hay_block":10,"minecraft:redstone_ore":14,"minecraft:oak_trapdoor":12,"minecraft:furnace":3,"minecraft:carrots":273,"minecraft:andesite":24,"minecraft:peony":4,"minecraft:bookshelf":37,"minecraft:potatoes":203,"minecraft:lantern":2,"minecraft:stone":1323,"minecraft:smithing_table":3,"minecraft:oak_slab":1,"minecraft:acacia_leaves":1,"minecraft:glass_pane":3,"minecraft:lily_of_the_valley":24,"minecraft:dandelion":17,"minecraft:crafting_table":12,"minecraft:cornflower":25,"minecraft:emerald_ore":3,"minecraft:tall_grass":55,"minecraft:lapis_ore":26,"minecraft:diorite":135,"minecraft:spruce_stairs":7,"minecraft:birch_planks":16,"minecraft:light_blue_bed":3,"minecraft:cobblestone_wall":37,"minecraft:spruce_log":185,"minecraft:birch_leaves":15,"minecraft:grass_path":93,"minecraft:coal_ore":133,"minecraft:gravel":22,"minecraft:oak_button":5,"minecraft:spruce_fence_gate":4,"minecraft:stone_bricks":7,"minecraft:gold_ore":7},"minecraft:killed_by":{"minecraft:zombie":1,"minecraft:skeleton":2},"minecraft:broken":{"minecraft:iron_shovel":8,"minecraft:stone_pickaxe":8,"minecraft:stone_axe":3,"minecraft:iron_sword":1,"minecraft:stone_shovel":22,"minecraft:iron_axe":2,"minecraft:iron_pickaxe":2},"minecraft:used":{"minecraft:peony":8,"minecraft:iron_shovel":2058,"minecraft:ladder":9,"minecraft:poppy":15,"minecraft:oak_sign":8,"minecraft:chest":47,"minecraft:shield":12,"minecraft:iron_sword":275,"minecraft:lily_of_the_valley":49,"minecraft:carrot":364,"minecraft:acacia_button":2,"minecraft:azure_bluet":23,"minecraft:glass":183,"minecraft:lantern":23,"minecraft:birch_sapling":6,"minecraft:polished_andesite_stairs":5,"minecraft:light_blue_bed":4,"minecraft:stone_bricks":204,"minecraft:item_frame":9,"minecraft:birch_trapdoor":3,"minecraft:red_carpet":38,"minecraft:bow":3,"minecraft:hay_block":5,"minecraft:furnace":12,"minecraft:oak_sapling":2,"minecraft:gold_block":1,"minecraft:polished_diorite_stairs":34,"minecraft:egg":9,"minecraft:potato":246,"minecraft:diorite":2,"minecraft:spruce_door":3,"minecraft:stone_pickaxe":1161,"minecraft:oak_planks":289,"minecraft:polished_diorite_slab":80,"minecraft:orange_tulip":18,"minecraft:sandstone":1,"minecraft:diamond_axe":84,"minecraft:blue_bed":1,"minecraft:sugar_cane":33,"minecraft:sand":3,"minecraft:blast_furnace":6,"minecraft:note_block":12,"minecraft:stone_brick_wall":7,"minecraft:shears":57,"minecraft:lever":5,"minecraft:acacia_door":2,"minecraft:lectern":1,"minecraft:lilac":6,"minecraft:polished_andesite_slab":13,"minecraft:coal_block":1,"minecraft:diamond_sword":28,"minecraft:wooden_sword":27,"minecraft:grindstone":3,"minecraft:smithing_table":4,"minecraft:andesite":1,"minecraft:birch_log":3,"minecraft:bone_meal":45,"minecraft:oak_fence":6,"minecraft:oak_trapdoor":24,"sophisticatedbackpacks:iron_backpack":1,"minecraft:enchanting_table":1,"minecraft:stone_shovel":3060,"minecraft:redstone":32,"minecraft:spruce_planks":304,"minecraft:stone_hoe":68,"minecraft:oak_door":3,"minecraft:torch":432,"minecraft:brewing_stand":1,"minecraft:dirt":1921,"minecraft:anvil":3,"minecraft:white_carpet":6,"minecraft:spruce_stairs":8,"minecraft:cobblestone_wall":235,"minecraft:spruce_fence":12,"minecraft:yellow_carpet":50,"minecraft:oak_fence_gate":2,"minecraft:polished_diorite":75,"minecraft:wooden_axe":14,"minecraft:bookshelf":40,"minecraft:iron_axe":462,"minecraft:oak_stairs":27,"minecraft:spruce_button":1,"minecraft:barrel":14,"minecraft:cooked_beef":6,"minecraft:wheat_seeds":132,"minecraft:cooked_mutton":3,"minecraft:water_bucket":106,"minecraft:pink_tulip":81,"minecraft:cobblestone_stairs":13,"minecraft:birch_planks":4,"minecraft:cartography_table":3,"minecraft:spruce_sign":7,"minecraft:stonecutter":3,"minecraft:fletching_table":4,"minecraft:spruce_fence_gate":12,"minecraft:oak_slab":18,"minecraft:crafting_table":19,"minecraft:painting":86,"minecraft:smoker":4,"minecraft:spruce_log":39,"minecraft:oak_log":10,"minecraft:diamond_pickaxe":305,"minecraft:cornflower":38,"minecraft:oxeye_daisy":63,"minecraft:oak_button":6,"minecraft:iron_pickaxe":500,"minecraft:spruce_trapdoor":65,"minecraft:spruce_sapling":35,"minecraft:stone_axe":397,"minecraft:blue_carpet":36,"minecraft:cobblestone":119,"minecraft:cooked_porkchop":24,"minecraft:lapis_block":1,"minecraft:bucket":107,"minecraft:glass_pane":41,"minecraft:dandelion":25},"minecraft:custom":{"minecraft:animals_bred":69,"minecraft:interact_with_crafting_table":158,"minecraft:open_barrel":124,"minecraft:leave_game":8,"minecraft:time_since_death":748767,"minecraft:sprint_one_cm":1659868,"minecraft:damage_blocked_by_shield":500,"minecraft:drop":128,"minecraft:play_noteblock":8,"minecraft:talked_to_villager":4,"minecraft:deaths":4,"minecraft:jump":3790,"minecraft:walk_on_water_one_cm":83277,"minecraft:interact_with_furnace":66,"minecraft:interact_with_cartography_table":2,"minecraft:play_one_minute":794471,"minecraft:sleep_in_bed":19,"minecraft:damage_dealt":11177,"minecraft:crouch_one_cm":16235,"minecraft:interact_with_smoker":7,"minecraft:interact_with_smithing_table":3,"minecraft:interact_with_anvil":2,"minecraft:mob_kills":82,"minecraft:climb_one_cm":16779,"minecraft:walk_one_cm":4054755,"minecraft:sneak_time":7653,"minecraft:walk_under_water_one_cm":43434,"minecraft:interact_with_blast_furnace":7,"minecraft:tune_noteblock":374,"minecraft:interact_with_stonecutter":9,"minecraft:interact_with_grindstone":6,"minecraft:time_since_rest":30638,"minecraft:damage_taken":3010,"minecraft:swim_one_cm":20246,"minecraft:fly_one_cm":486644,"minecraft:open_chest":606,"minecraft:fall_one_cm":30881},"minecraft:crafted":{"minecraft:grindstone":1,"minecraft:smooth_stone":12,"minecraft:oak_planks":788,"minecraft:barrel":11,"minecraft:oak_sign":6,"minecraft:cobblestone_stairs":57,"minecraft:stone":222,"minecraft:lever":4,"minecraft:bookshelf":38,"minecraft:bow":3,"minecraft:chest":29,"minecraft:oak_button":1,"minecraft:stone_hoe":2,"minecraft:stone_bricks":204,"minecraft:oak_fence":6,"minecraft:polished_diorite_slab":70,"minecraft:smoker":1,"minecraft:item_frame":3,"minecraft:oak_slab":66,"sophisticatedbackpacks:backpack":4,"minecraft:cooked_porkchop":21,"minecraft:crafting_table":7,"minecraft:spruce_planks":448,"minecraft:polished_andesite_stairs":4,"minecraft:spruce_door":3,"minecraft:smithing_table":1,"minecraft:fletching_table":1,"minecraft:acacia_button":4,"minecraft:hay_block":1,"minecraft:birch_planks":72,"minecraft:painting":5,"minecraft:cartography_table":1,"minecraft:spruce_trapdoor":34,"minecraft:lectern":1,"minecraft:paper":3,"minecraft:yellow_dye":2,"minecraft:stone_slab":6,"minecraft:stick":284,"minecraft:iron_ingot":111,"minecraft:light_blue_bed":1,"minecraft:acacia_door":3,"minecraft:gold_ingot":2,"minecraft:spruce_fence_gate":8,"minecraft:polished_diorite_stairs":60,"minecraft:shears":1,"minecraft:polished_andesite":16,"minecraft:wooden_sword":1,"minecraft:oak_door":3,"minecraft:stone_shovel":24,"minecraft:stone_brick_wall":6,"minecraft:iron_nugget":153,"minecraft:spruce_button":1,"minecraft:furnace":10,"minecraft:blast_furnace":1,"minecraft:bone_meal":45,"minecraft:spruce_fence":9,"minecraft:white_carpet":6,"minecraft:pink_dye":1,"minecraft:polished_andesite_slab":12,"minecraft:glass_pane":80,"minecraft:oak_trapdoor":8,"minecraft:lantern":19,"minecraft:spruce_stairs":4,"minecraft:polished_diorite":128,"minecraft:ladder":9,"minecraft:stone_pickaxe":9,"minecraft:cobblestone_wall":198,"sophisticatedbackpacks:iron_backpack":2,"minecraft:wheat":72,"minecraft:coal_block":1,"minecraft:red_dye":1,"minecraft:spruce_sign":6,"minecraft:yellow_carpet":15,"minecraft:iron_sword":1,"minecraft:blue_bed":1,"minecraft:polished_granite":24,"minecraft:bucket":1,"minecraft:red_carpet":18,"minecraft:stone_axe":4,"minecraft:orange_dye":1,"minecraft:air":0,"minecraft:jungle_planks":28,"minecraft:blue_dye":3,"minecraft:oak_fence_gate":2,"minecraft:white_dye":2,"minecraft:oak_stairs":16,"minecraft:birch_trapdoor":2,"minecraft:wooden_axe":1,"minecraft:iron_shovel":8,"minecraft:stonecutter":1,"minecraft:note_block":4,"minecraft:acacia_planks":100,"minecraft:torch":280,"minecraft:lapis_block":1,"minecraft:blue_carpet":21}},"DataVersion":2586}