{"stats":{"minecraft:dropped":{"minecraft:gold_ore":7,"minecraft:iron_sword":1,"minecraft:lapis_lazuli":98,"minecraft:oak_log":17,"minecraft:diamond":2,"minecraft:cooked_porkchop":8,"minecraft:emerald":3,"minecraft:dirt":1,"minecraft:wooden_sword":1,"minecraft:sand":16,"minecraft:birch_log":109,"minecraft:white_wool":12,"minecraft:gold_ingot":2,"minecraft:stone_axe":1,"minecraft:sugar_cane":19,"minecraft:rotten_flesh":44,"minecraft:white_bed":1,"minecraft:iron_ore":41,"minecraft:wheat_seeds":6,"minecraft:cobblestone":26,"minecraft:acacia_log":14,"minecraft:coal":1,"minecraft:stick":2,"minecraft:acacia_planks":21,"minecraft:spruce_sapling":1,"sophisticatedbackpacks:backpack":1},"minecraft:picked_up":{"minecraft:wooden_axe":1,"minecraft:wheat":94,"minecraft:yellow_wool":12,"minecraft:diamond_sword":1,"minecraft:oak_stairs":18,"minecraft:string":10,"minecraft:oak_sign":4,"minecraft:spruce_planks":122,"minecraft:red_dye":2,"minecraft:iron_pickaxe":2,"minecraft:furnace":5,"minecraft:iron_boots":2,"minecraft:blue_wool":22,"minecraft:stick":47,"minecraft:birch_trapdoor":1,"minecraft:torch":341,"minecraft:acacia_log":35,"minecraft:spruce_stairs":7,"minecraft:porkchop":24,"minecraft:diorite":157,"minecraft:rotten_flesh":63,"minecraft:light_blue_wool":7,"minecraft:cobblestone":1891,"minecraft:birch_log":129,"minecraft:enchanting_table":1,"minecraft:cooked_beef":10,"minecraft:polished_diorite_slab":30,"minecraft:feather":6,"minecraft:lilac":6,"minecraft:water_bucket":1,"minecraft:andesite":34,"minecraft:brown_wool":73,"minecraft:potato":589,"minecraft:light_gray_dye":1,"minecraft:lapis_lazuli":172,"minecraft:dirt":4717,"minecraft:lantern":2,"minecraft:polished_granite":48,"minecraft:leather_boots":1,"minecraft:bone":31,"minecraft:glass":17,"minecraft:bow":6,"minecraft:orange_tulip":12,"minecraft:wheat_seeds":376,"minecraft:oak_planks":142,"minecraft:cooked_porkchop":19,"minecraft:poisonous_potato":5,"minecraft:jungle_planks":28,"minecraft:sand":18,"sophisticatedbackpacks:iron_backpack":1,"minecraft:lily_of_the_valley":41,"minecraft:barrel":3,"minecraft:orange_wool":13,"minecraft:polished_andesite":8,"minecraft:spruce_fence_gate":4,"minecraft:yellow_carpet":36,"minecraft:diamond":2,"minecraft:granite":39,"minecraft:grass":8,"minecraft:spruce_sign":1,"minecraft:emerald":3,"minecraft:oak_sapling":9,"minecraft:diamond_pickaxe":1,"minecraft:spruce_leaves":104,"minecraft:crafting_table":6,"minecraft:azure_bluet":18,"minecraft:chicken":5,"minecraft:pink_wool":17,"minecraft:stone_brick_wall":1,"minecraft:shield":2,"minecraft:cornflower":28,"minecraft:oak_trapdoor":13,"minecraft:iron_axe":2,"minecraft:wooden_sword":3,"minecraft:item_frame":3,"minecraft:beef":9,"minecraft:iron_nugget":5,"minecraft:poppy":14,"minecraft:light_gray_wool":1,"minecraft:chest":17,"minecraft:sugar_cane":773,"minecraft:birch_sapling":11,"minecraft:spruce_trapdoor":30,"minecraft:egg":42,"minecraft:sandstone":1,"sophisticatedbackpacks:backpack":1,"minecraft:carrot":751,"minecraft:redstone":118,"minecraft:light_blue_bed":3,"minecraft:blue_carpet":22,"minecraft:arrow":38,"minecraft:stone_shovel":2,"minecraft:peony":4,"minecraft:shears":1,"minecraft:hay_block":10,"minecraft:pink_tulip":52,"minecraft:mutton":7,"minecraft:white_wool":63,"minecraft:oxeye_daisy":35,"minecraft:leather":5,"minecraft:birch_planks":26,"minecraft:oak_log":184,"minecraft:gunpowder":9,"minecraft:cobblestone_wall":66,"minecraft:cooked_mutton":7,"minecraft:apple":1,"minecraft:stone_bricks":6,"minecraft:stone_pickaxe":1,"minecraft:iron_ore":106,"minecraft:polished_andesite_slab":4,"minecraft:iron_sword":5,"minecraft:oak_slab":1,"minecraft:book":117,"minecraft:polished_andesite_stairs":1,"minecraft:pumpkin":18,"minecraft:red_wool":17,"minecraft:dandelion":24,"minecraft:gravel":61,"minecraft:spruce_sapling":60,"minecraft:white_bed":3,"minecraft:spruce_log":207,"minecraft:gold_ore":7,"minecraft:spider_eye":2,"minecraft:polished_diorite_stairs":2,"minecraft:polished_diorite":159,"minecraft:stone_axe":2,"minecraft:iron_helmet":1,"minecraft:diamond_axe":1,"minecraft:painting":59,"minecraft:oak_button":5,"minecraft:coal":295},"minecraft:killed":{"minecraft:spider":7,"minecraft:skeleton":15,"minecraft:chicken":5,"minecraft:pig":9,"minecraft:creeper":2,"minecraft:sheep":4,"minecraft:zombie":14,"minecraft:cow":6},"minecraft:mined":{"minecraft:blue_carpet":15,"minecraft:spruce_planks":111,"minecraft:spruce_trapdoor":29,"minecraft:granite":30,"minecraft:acacia_log":23,"minecraft:grass_block":2758,"minecraft:stone_brick_wall":1,"minecraft:yellow_carpet":27,"minecraft:polished_diorite":27,"minecraft:oak_wall_sign":1,"minecraft:oxeye_daisy":35,"minecraft:iron_ore":107,"minecraft:barrel":3,"minecraft:pumpkin":19,"minecraft:azure_bluet":18,"minecraft:enchanting_table":1,"minecraft:oak_stairs":18,"minecraft:pink_tulip":54,"minecraft:torch":74,"minecraft:poppy":12,"minecraft:polished_andesite_stairs":1,"minecraft:chest":17,"minecraft:dead_bush":1,"minecraft:spruce_wall_sign":1,"minecraft:polished_diorite_slab":20,"minecraft:glass":6,"minecraft:cobblestone":28,"minecraft:sugar_cane":331,"minecraft:oak_planks":99,"minecraft:wall_torch":43,"minecraft:polished_diorite_stairs":2,"minecraft:birch_log":129,"minecraft:wheat":99,"minecraft:birch_trapdoor":1,"minecraft:lilac":6,"minecraft:orange_tulip":12,"minecraft:grass":162,"minecraft:oak_log":114,"minecraft:sand":18,"minecraft:dirt":1661,"minecraft:oak_leaves":23,"minecraft:diamond_ore":2,"minecraft:polished_andesite_slab":2,"minecraft:spruce_leaves":178,"minecraft:sandstone":1,"minecraft:hay_block":10,"minecraft:redstone_ore":14,"minecraft:oak_trapdoor":12,"minecraft:furnace":3,"minecraft:carrots":195,"minecraft:andesite":22,"minecraft:peony":4,"minecraft:bookshelf":37,"minecraft:potatoes":155,"minecraft:lantern":2,"minecraft:stone":1119,"minecraft:oak_slab":1,"minecraft:acacia_leaves":1,"minecraft:glass_pane":3,"minecraft:lily_of_the_valley":23,"minecraft:dandelion":14,"minecraft:crafting_table":6,"minecraft:cornflower":24,"minecraft:emerald_ore":3,"minecraft:tall_grass":52,"minecraft:lapis_ore":26,"minecraft:diorite":135,"minecraft:spruce_stairs":7,"minecraft:birch_planks":12,"minecraft:light_blue_bed":3,"minecraft:cobblestone_wall":35,"minecraft:spruce_log":165,"minecraft:birch_leaves":15,"minecraft:grass_path":91,"minecraft:coal_ore":133,"minecraft:gravel":22,"minecraft:oak_button":5,"minecraft:spruce_fence_gate":4,"minecraft:stone_bricks":6,"minecraft:gold_ore":7},"minecraft:killed_by":{"minecraft:zombie":1,"minecraft:skeleton":2},"minecraft:broken":{"minecraft:iron_shovel":8,"minecraft:stone_pickaxe":8,"minecraft:stone_axe":2,"minecraft:iron_sword":1,"minecraft:stone_shovel":16,"minecraft:iron_axe":2,"minecraft:iron_pickaxe":2},"minecraft:used":{"minecraft:peony":6,"minecraft:iron_shovel":2058,"minecraft:ladder":9,"minecraft:poppy":11,"minecraft:oak_sign":8,"minecraft:chest":44,"minecraft:shield":12,"minecraft:iron_sword":275,"minecraft:lily_of_the_valley":39,"minecraft:carrot":286,"minecraft:azure_bluet":18,"minecraft:glass":54,"minecraft:lantern":10,"minecraft:birch_sapling":6,"minecraft:polished_andesite_stairs":5,"minecraft:light_blue_bed":4,"minecraft:stone_bricks":203,"minecraft:item_frame":9,"minecraft:birch_trapdoor":3,"minecraft:bow":3,"minecraft:hay_block":5,"minecraft:furnace":12,"minecraft:oak_sapling":2,"minecraft:polished_diorite_stairs":22,"minecraft:egg":1,"minecraft:potato":198,"minecraft:diorite":2,"minecraft:spruce_door":3,"minecraft:stone_pickaxe":1161,"minecraft:oak_planks":259,"minecraft:polished_diorite_slab":66,"minecraft:orange_tulip":11,"minecraft:sandstone":1,"minecraft:blue_bed":1,"minecraft:sugar_cane":33,"minecraft:sand":2,"minecraft:stone_brick_wall":7,"minecraft:shears":57,"minecraft:acacia_door":2,"minecraft:lectern":1,"minecraft:lilac":6,"minecraft:polished_andesite_slab":13,"minecraft:wooden_sword":27,"minecraft:andesite":1,"minecraft:birch_log":2,"minecraft:bone_meal":15,"minecraft:oak_fence":6,"minecraft:oak_trapdoor":24,"sophisticatedbackpacks:iron_backpack":1,"minecraft:enchanting_table":1,"minecraft:stone_shovel":2349,"minecraft:spruce_planks":292,"minecraft:stone_hoe":68,"minecraft:oak_door":3,"minecraft:torch":380,"minecraft:dirt":1895,"minecraft:spruce_stairs":8,"minecraft:cobblestone_wall":233,"minecraft:yellow_carpet":27,"minecraft:oak_fence_gate":2,"minecraft:polished_diorite":75,"minecraft:wooden_axe":14,"minecraft:bookshelf":40,"minecraft:iron_axe":462,"minecraft:oak_stairs":27,"minecraft:spruce_button":1,"minecraft:barrel":14,"minecraft:cooked_beef":6,"minecraft:wheat_seeds":112,"minecraft:cooked_mutton":3,"minecraft:water_bucket":85,"minecraft:pink_tulip":51,"minecraft:spruce_sign":7,"minecraft:spruce_fence_gate":12,"minecraft:oak_slab":18,"minecraft:crafting_table":12,"minecraft:painting":61,"minecraft:spruce_log":36,"minecraft:oak_log":9,"minecraft:diamond_pickaxe":72,"minecraft:cornflower":25,"minecraft:oxeye_daisy":35,"minecraft:oak_button":6,"minecraft:iron_pickaxe":500,"minecraft:spruce_trapdoor":63,"minecraft:spruce_sapling":35,"minecraft:stone_axe":387,"minecraft:blue_carpet":15,"minecraft:cobblestone":119,"minecraft:cooked_porkchop":22,"minecraft:bucket":85,"minecraft:glass_pane":41,"minecraft:dandelion":13},"minecraft:custom":{"minecraft:animals_bred":54,"minecraft:interact_with_crafting_table":134,"minecraft:open_barrel":59,"minecraft:leave_game":7,"minecraft:time_since_death":617328,"minecraft:sprint_one_cm":1476614,"minecraft:damage_blocked_by_shield":500,"minecraft:drop":120,"minecraft:talked_to_villager":4,"minecraft:deaths":4,"minecraft:jump":3422,"minecraft:walk_on_water_one_cm":73484,"minecraft:interact_with_furnace":60,"minecraft:play_one_minute":663032,"minecraft:sleep_in_bed":17,"minecraft:damage_dealt":9937,"minecraft:crouch_one_cm":15724,"minecraft:mob_kills":64,"minecraft:climb_one_cm":8960,"minecraft:walk_one_cm":3251437,"minecraft:sneak_time":6927,"minecraft:walk_under_water_one_cm":38667,"minecraft:interact_with_blast_furnace":1,"minecraft:time_since_rest":239108,"minecraft:damage_taken":2918,"minecraft:swim_one_cm":13389,"minecraft:fly_one_cm":432742,"minecraft:open_chest":491,"minecraft:fall_one_cm":28509},"minecraft:crafted":{"minecraft:oak_planks":704,"minecraft:barrel":11,"minecraft:oak_sign":6,"minecraft:stone":207,"minecraft:bookshelf":38,"minecraft:bow":3,"minecraft:chest":29,"minecraft:oak_button":1,"minecraft:stone_hoe":2,"minecraft:stone_bricks":204,"minecraft:oak_fence":6,"minecraft:polished_diorite_slab":48,"minecraft:item_frame":3,"minecraft:oak_slab":66,"sophisticatedbackpacks:backpack":4,"minecraft:cooked_porkchop":21,"minecraft:crafting_table":6,"minecraft:spruce_planks":408,"minecraft:polished_andesite_stairs":4,"minecraft:spruce_door":3,"minecraft:hay_block":1,"minecraft:birch_planks":72,"minecraft:painting":5,"minecraft:spruce_trapdoor":34,"minecraft:lectern":1,"minecraft:yellow_dye":2,"minecraft:stick":276,"minecraft:iron_ingot":111,"minecraft:light_blue_bed":1,"minecraft:acacia_door":3,"minecraft:gold_ingot":2,"minecraft:spruce_fence_gate":8,"minecraft:polished_diorite_stairs":20,"minecraft:shears":1,"minecraft:polished_andesite":16,"minecraft:wooden_sword":1,"minecraft:oak_door":3,"minecraft:stone_shovel":17,"minecraft:stone_brick_wall":6,"minecraft:iron_nugget":153,"minecraft:spruce_button":1,"minecraft:furnace":8,"minecraft:bone_meal":15,"minecraft:pink_dye":1,"minecraft:polished_andesite_slab":12,"minecraft:glass_pane":80,"minecraft:oak_trapdoor":8,"minecraft:lantern":19,"minecraft:spruce_stairs":4,"minecraft:polished_diorite":128,"minecraft:ladder":9,"minecraft:stone_pickaxe":9,"minecraft:cobblestone_wall":198,"sophisticatedbackpacks:iron_backpack":2,"minecraft:wheat":72,"minecraft:red_dye":1,"minecraft:spruce_sign":6,"minecraft:yellow_carpet":9,"minecraft:iron_sword":1,"minecraft:blue_bed":1,"minecraft:polished_granite":24,"minecraft:bucket":1,"minecraft:stone_axe":3,"minecraft:orange_dye":1,"minecraft:air":0,"minecraft:jungle_planks":28,"minecraft:blue_dye":3,"minecraft:oak_fence_gate":2,"minecraft:white_dye":2,"minecraft:oak_stairs":16,"minecraft:birch_trapdoor":2,"minecraft:wooden_axe":1,"minecraft:iron_shovel":8,"minecraft:acacia_planks":60,"minecraft:torch":280,"minecraft:blue_carpet":9}},"DataVersion":2586}