{"stats":{"minecraft:crafted":{"minecraft:wooden_sword":1,"minecraft:oak_planks":260,"minecraft:stone_shovel":11,"minecraft:oak_sign":6,"minecraft:bone_meal":15,"minecraft:polished_andesite_slab":12,"minecraft:glass_pane":80,"minecraft:oak_trapdoor":4,"minecraft:bow":3,"minecraft:polished_diorite":92,"minecraft:stone_pickaxe":6,"minecraft:cobblestone_wall":192,"minecraft:chest":14,"minecraft:stone_hoe":1,"minecraft:polished_diorite_slab":36,"minecraft:cooked_porkchop":21,"minecraft:crafting_table":3,"minecraft:spruce_planks":160,"minecraft:polished_andesite_stairs":4,"minecraft:spruce_door":3,"minecraft:blue_bed":1,"minecraft:polished_granite":24,"minecraft:bucket":1,"minecraft:hay_block":1,"minecraft:stone_axe":1,"minecraft:air":0,"minecraft:blue_dye":2,"minecraft:spruce_trapdoor":6,"minecraft:stick":108,"minecraft:iron_ingot":9,"minecraft:wooden_axe":1,"minecraft:iron_shovel":8,"minecraft:gold_ingot":2,"minecraft:acacia_planks":44,"minecraft:spruce_fence_gate":8,"minecraft:torch":100,"minecraft:polished_diorite_stairs":20,"minecraft:shears":1,"minecraft:polished_andesite":16},"minecraft:custom":{"minecraft:mob_kills":38,"minecraft:animals_bred":14,"minecraft:interact_with_crafting_table":52,"minecraft:leave_game":2,"minecraft:time_since_death":312295,"minecraft:climb_one_cm":828,"minecraft:sprint_one_cm":1029868,"minecraft:walk_one_cm":1830006,"minecraft:damage_blocked_by_shield":330,"minecraft:drop":73,"minecraft:talked_to_villager":1,"minecraft:deaths":4,"minecraft:sneak_time":2890,"minecraft:walk_under_water_one_cm":25625,"minecraft:jump":2600,"minecraft:interact_with_blast_furnace":1,"minecraft:walk_on_water_one_cm":58558,"minecraft:interact_with_furnace":22,"minecraft:play_one_minute":357999,"minecraft:sleep_in_bed":14,"minecraft:time_since_rest":64169,"minecraft:damage_taken":2503,"minecraft:damage_dealt":6897,"minecraft:swim_one_cm":8679,"minecraft:fly_one_cm":345081,"minecraft:open_chest":160,"minecraft:crouch_one_cm":9979,"minecraft:fall_one_cm":26922},"minecraft:mined":{"minecraft:diamond_ore":2,"minecraft:spruce_planks":88,"minecraft:spruce_trapdoor":2,"minecraft:granite":30,"minecraft:acacia_log":23,"minecraft:grass_block":2727,"minecraft:polished_andesite_slab":2,"minecraft:spruce_leaves":82,"minecraft:oxeye_daisy":26,"minecraft:sandstone":1,"minecraft:hay_block":10,"minecraft:redstone_ore":14,"minecraft:oak_trapdoor":2,"minecraft:carrots":53,"minecraft:iron_ore":98,"minecraft:andesite":22,"minecraft:pumpkin":19,"minecraft:peony":2,"minecraft:azure_bluet":15,"minecraft:potatoes":65,"minecraft:oak_stairs":10,"minecraft:pink_tulip":48,"minecraft:stone":711,"minecraft:acacia_leaves":1,"minecraft:glass_pane":1,"minecraft:lily_of_the_valley":18,"minecraft:dandelion":12,"minecraft:crafting_table":4,"minecraft:cornflower":22,"minecraft:torch":64,"minecraft:emerald_ore":3,"minecraft:poppy":10,"minecraft:polished_andesite_stairs":1,"minecraft:chest":10,"minecraft:dead_bush":1,"minecraft:polished_diorite_slab":9,"minecraft:tall_grass":42,"minecraft:cobblestone":23,"minecraft:lapis_ore":26,"minecraft:oak_planks":61,"minecraft:sugar_cane":196,"minecraft:diorite":95,"minecraft:wall_torch":31,"minecraft:polished_diorite_stairs":2,"minecraft:cobblestone_wall":33,"minecraft:birch_log":109,"minecraft:wheat":40,"minecraft:lilac":4,"minecraft:spruce_log":86,"minecraft:birch_leaves":5,"minecraft:orange_tulip":4,"minecraft:grass_path":91,"minecraft:grass":145,"minecraft:oak_log":58,"minecraft:coal_ore":133,"minecraft:gravel":22,"minecraft:sand":18,"minecraft:dirt":885,"minecraft:spruce_fence_gate":4,"minecraft:gold_ore":7,"minecraft:oak_leaves":6},"minecraft:used":{"minecraft:peony":2,"minecraft:oak_trapdoor":6,"minecraft:iron_shovel":2058,"minecraft:stone_shovel":1578,"minecraft:poppy":10,"minecraft:oak_sign":5,"minecraft:chest":24,"minecraft:spruce_planks":178,"minecraft:shield":7,"minecraft:iron_sword":167,"minecraft:stone_hoe":60,"minecraft:torch":282,"minecraft:dirt":1714,"minecraft:lily_of_the_valley":36,"minecraft:cobblestone_wall":225,"minecraft:carrot":97,"minecraft:azure_bluet":15,"minecraft:wooden_axe":14,"minecraft:iron_axe":462,"minecraft:oak_stairs":6,"minecraft:birch_sapling":2,"minecraft:polished_andesite_stairs":5,"minecraft:hay_block":5,"minecraft:oak_sapling":1,"minecraft:polished_diorite_stairs":22,"minecraft:egg":1,"minecraft:cooked_beef":6,"minecraft:potato":94,"minecraft:wheat_seeds":53,"minecraft:cooked_mutton":3,"minecraft:water_bucket":57,"minecraft:pink_tulip":46,"minecraft:spruce_door":3,"minecraft:stone_pickaxe":714,"minecraft:oak_planks":194,"minecraft:polished_diorite_slab":45,"minecraft:orange_tulip":4,"minecraft:sandstone":1,"minecraft:sugar_cane":23,"minecraft:blue_bed":1,"minecraft:spruce_fence_gate":12,"minecraft:sand":2,"minecraft:crafting_table":7,"minecraft:oak_log":3,"minecraft:cornflower":24,"minecraft:oxeye_daisy":27,"minecraft:iron_pickaxe":500,"minecraft:spruce_trapdoor":8,"minecraft:spruce_sapling":17,"minecraft:lilac":4,"minecraft:polished_andesite_slab":13,"minecraft:stone_axe":32,"minecraft:wooden_sword":27,"minecraft:cobblestone":110,"minecraft:andesite":1,"minecraft:cooked_porkchop":15,"minecraft:bucket":58,"minecraft:glass_pane":41,"minecraft:dandelion":12,"minecraft:bone_meal":15},"minecraft:broken":{"minecraft:iron_shovel":8,"minecraft:stone_pickaxe":4,"minecraft:iron_axe":2,"minecraft:iron_pickaxe":2,"minecraft:stone_shovel":11},"minecraft:dropped":{"minecraft:gold_ore":7,"minecraft:iron_sword":1,"minecraft:wheat_seeds":6,"minecraft:lapis_lazuli":98,"minecraft:oak_log":17,"minecraft:diamond":2,"minecraft:cooked_porkchop":8,"minecraft:cobblestone":26,"minecraft:acacia_log":14,"minecraft:coal":1,"minecraft:emerald":3,"minecraft:stick":2,"minecraft:dirt":1,"minecraft:wooden_sword":1,"minecraft:sand":16,"minecraft:birch_log":109,"minecraft:acacia_planks":21,"minecraft:gold_ingot":2,"minecraft:sugar_cane":19,"minecraft:rotten_flesh":1,"minecraft:white_bed":1,"minecraft:iron_ore":41},"minecraft:killed_by":{"minecraft:skeleton":2,"minecraft:zombie":1},"minecraft:killed":{"minecraft:spider":2,"minecraft:skeleton":14,"minecraft:chicken":3,"minecraft:pig":5,"minecraft:creeper":1,"minecraft:zombie":11,"minecraft:cow":2},"minecraft:picked_up":{"minecraft:wooden_axe":1,"minecraft:crafting_table":4,"minecraft:wheat":38,"minecraft:azure_bluet":15,"minecraft:chicken":3,"minecraft:oak_stairs":10,"minecraft:shield":1,"minecraft:cornflower":26,"minecraft:string":4,"minecraft:oak_trapdoor":2,"minecraft:iron_axe":2,"minecraft:wooden_sword":3,"minecraft:oak_sign":1,"minecraft:spruce_planks":91,"minecraft:beef":4,"minecraft:red_dye":1,"minecraft:poppy":12,"minecraft:iron_pickaxe":2,"minecraft:light_gray_wool":1,"minecraft:sugar_cane":473,"minecraft:chest":10,"minecraft:birch_sapling":2,"minecraft:spruce_trapdoor":2,"minecraft:iron_boots":2,"minecraft:egg":6,"minecraft:stick":21,"minecraft:sandstone":1,"minecraft:torch":185,"minecraft:acacia_log":35,"minecraft:porkchop":14,"minecraft:diorite":115,"minecraft:carrot":187,"minecraft:redstone":118,"minecraft:arrow":18,"minecraft:rotten_flesh":31,"minecraft:stone_shovel":2,"minecraft:peony":2,"minecraft:hay_block":10,"minecraft:pink_tulip":46,"minecraft:cobblestone":1479,"minecraft:oxeye_daisy":27,"minecraft:birch_log":109,"minecraft:cooked_beef":10,"minecraft:polished_diorite_slab":15,"minecraft:feather":3,"minecraft:lilac":4,"minecraft:andesite":34,"minecraft:brown_wool":1,"minecraft:potato":255,"minecraft:light_gray_dye":1,"minecraft:oak_log":64,"minecraft:cobblestone_wall":64,"minecraft:gunpowder":7,"minecraft:lapis_lazuli":172,"minecraft:dirt":3806,"minecraft:polished_granite":48,"minecraft:leather_boots":1,"minecraft:cooked_mutton":7,"minecraft:bone":21,"minecraft:bow":5,"minecraft:wheat_seeds":215,"minecraft:orange_tulip":4,"minecraft:iron_ore":97,"minecraft:polished_andesite_slab":4,"minecraft:iron_sword":3,"minecraft:oak_planks":95,"minecraft:polished_andesite_stairs":1,"minecraft:cooked_porkchop":8,"minecraft:pumpkin":18,"minecraft:dandelion":17,"minecraft:poisonous_potato":2,"minecraft:gravel":61,"minecraft:sand":18,"minecraft:spruce_sapling":39,"minecraft:white_bed":3,"minecraft:spruce_log":132,"minecraft:lily_of_the_valley":36,"minecraft:gold_ore":7,"minecraft:polished_diorite_stairs":2,"minecraft:polished_andesite":8,"minecraft:spruce_fence_gate":4,"minecraft:diamond":2,"minecraft:polished_diorite":106,"minecraft:stone_axe":1,"minecraft:iron_helmet":1,"minecraft:granite":39,"minecraft:emerald":3,"minecraft:oak_sapling":3,"minecraft:coal":208}},"DataVersion":2586}