{"stats":{"minecraft:mined":{"minecraft:diamond_ore":2,"minecraft:acacia_leaves":1,"minecraft:dandelion":1,"minecraft:crafting_table":2,"minecraft:cornflower":2,"minecraft:emerald_ore":3,"minecraft:granite":3,"minecraft:acacia_log":23,"minecraft:grass_block":22,"minecraft:chest":4,"minecraft:dead_bush":1,"minecraft:tall_grass":5,"minecraft:spruce_leaves":16,"minecraft:lapis_ore":26,"minecraft:sugar_cane":8,"minecraft:sandstone":1,"minecraft:diorite":2,"minecraft:redstone_ore":14,"minecraft:birch_log":109,"minecraft:iron_ore":94,"minecraft:spruce_log":48,"minecraft:birch_leaves":5,"minecraft:andesite":5,"minecraft:pumpkin":19,"minecraft:peony":2,"minecraft:azure_bluet":1,"minecraft:grass":22,"minecraft:coal_ore":114,"minecraft:oak_log":20,"minecraft:oak_stairs":10,"minecraft:gravel":22,"minecraft:sand":18,"minecraft:dirt":86,"minecraft:stone":165,"minecraft:gold_ore":7,"minecraft:oak_leaves":1},"minecraft:custom":{"minecraft:interact_with_furnace":3,"minecraft:mob_kills":16,"minecraft:interact_with_crafting_table":9,"minecraft:play_one_minute":74517,"minecraft:leave_game":1,"minecraft:time_since_death":28813,"minecraft:climb_one_cm":172,"minecraft:sleep_in_bed":3,"minecraft:time_since_rest":2924,"minecraft:sprint_one_cm":128934,"minecraft:damage_taken":1815,"minecraft:walk_one_cm":326561,"minecraft:damage_blocked_by_shield":40,"minecraft:drop":71,"minecraft:damage_dealt":3134,"minecraft:swim_one_cm":6625,"minecraft:fly_one_cm":50989,"minecraft:open_chest":37,"minecraft:crouch_one_cm":1631,"minecraft:sneak_time":1067,"minecraft:deaths":4,"minecraft:walk_under_water_one_cm":10765,"minecraft:jump":871,"minecraft:interact_with_blast_furnace":1,"minecraft:walk_on_water_one_cm":26304,"minecraft:fall_one_cm":7657},"minecraft:used":{"minecraft:water_bucket":7,"minecraft:spruce_door":3,"minecraft:stone_shovel":130,"minecraft:stone_pickaxe":131,"minecraft:sandstone":1,"minecraft:chest":4,"minecraft:iron_sword":58,"minecraft:shield":1,"minecraft:blue_bed":1,"minecraft:torch":17,"minecraft:dirt":97,"minecraft:sand":2,"minecraft:crafting_table":4,"minecraft:azure_bluet":1,"minecraft:wooden_axe":14,"minecraft:iron_axe":239,"minecraft:oak_stairs":6,"minecraft:iron_pickaxe":305,"minecraft:cobblestone":43,"minecraft:wooden_sword":27,"minecraft:andesite":1,"minecraft:bucket":8,"minecraft:cooked_beef":6,"minecraft:dandelion":2,"minecraft:cooked_mutton":3,"minecraft:peony":2},"minecraft:picked_up":{"minecraft:wooden_axe":1,"minecraft:birch_log":109,"minecraft:crafting_table":2,"minecraft:azure_bluet":1,"minecraft:feather":3,"minecraft:cooked_beef":10,"minecraft:chicken":3,"minecraft:andesite":15,"minecraft:brown_wool":1,"minecraft:oak_stairs":10,"minecraft:light_gray_dye":1,"minecraft:oak_log":23,"minecraft:shield":1,"minecraft:gunpowder":4,"minecraft:cornflower":2,"minecraft:lapis_lazuli":172,"minecraft:dirt":148,"minecraft:iron_axe":2,"minecraft:wooden_sword":3,"minecraft:leather_boots":1,"minecraft:cooked_mutton":7,"minecraft:bone":7,"minecraft:bow":2,"minecraft:wheat_seeds":17,"minecraft:spruce_planks":2,"minecraft:iron_ore":93,"minecraft:red_dye":1,"minecraft:poppy":2,"minecraft:iron_pickaxe":2,"minecraft:light_gray_wool":1,"minecraft:iron_sword":3,"minecraft:sugar_cane":19,"minecraft:chest":4,"minecraft:birch_sapling":2,"minecraft:oak_planks":34,"minecraft:iron_boots":2,"minecraft:stick":13,"minecraft:sandstone":1,"minecraft:cooked_porkchop":8,"minecraft:pumpkin":18,"minecraft:torch":4,"minecraft:dandelion":2,"minecraft:acacia_log":35,"minecraft:gravel":61,"minecraft:sand":18,"minecraft:spruce_sapling":2,"minecraft:white_bed":3,"minecraft:diorite":20,"minecraft:spruce_log":94,"minecraft:redstone":118,"minecraft:gold_ore":7,"minecraft:arrow":13,"minecraft:stone_shovel":2,"minecraft:rotten_flesh":25,"minecraft:diamond":2,"minecraft:peony":2,"minecraft:iron_helmet":1,"minecraft:granite":9,"minecraft:emerald":3,"minecraft:coal":178,"minecraft:cobblestone":316},"minecraft:broken":{"minecraft:stone_pickaxe":1,"minecraft:iron_pickaxe":1},"minecraft:dropped":{"minecraft:gold_ore":7,"minecraft:iron_sword":1,"minecraft:sugar_cane":19,"minecraft:wheat_seeds":6,"minecraft:lapis_lazuli":98,"minecraft:oak_log":17,"minecraft:diamond":2,"minecraft:cooked_porkchop":8,"minecraft:rotten_flesh":1,"minecraft:cobblestone":26,"minecraft:white_bed":1,"minecraft:acacia_log":14,"minecraft:coal":1,"minecraft:stick":2,"minecraft:emerald":3,"minecraft:dirt":1,"minecraft:wooden_sword":1,"minecraft:iron_ore":41,"minecraft:sand":16,"minecraft:birch_log":109,"minecraft:acacia_planks":21},"minecraft:killed":{"minecraft:skeleton":7,"minecraft:zombie":6,"minecraft:chicken":3},"minecraft:crafted":{"minecraft:wooden_sword":1,"minecraft:oak_planks":12,"minecraft:crafting_table":2,"minecraft:spruce_planks":8,"minecraft:spruce_door":3,"minecraft:blue_bed":1,"minecraft:blue_dye":2,"minecraft:bow":1,"minecraft:stick":4,"minecraft:stone_pickaxe":1,"minecraft:wooden_axe":1,"minecraft:acacia_planks":28,"minecraft:torch":16},"minecraft:killed_by":{"minecraft:skeleton":2,"minecraft:zombie":1}},"DataVersion":2586}