{"stats":{"minecraft:dropped":{"minecraft:gold_ore":7,"minecraft:iron_sword":1,"minecraft:wheat_seeds":6,"minecraft:lapis_lazuli":98,"minecraft:oak_log":17,"minecraft:diamond":2,"minecraft:cooked_porkchop":8,"minecraft:cobblestone":26,"minecraft:acacia_log":14,"minecraft:coal":1,"minecraft:stick":2,"minecraft:emerald":3,"minecraft:dirt":1,"minecraft:wooden_sword":1,"minecraft:sand":16,"minecraft:birch_log":109,"minecraft:acacia_planks":21,"minecraft:sugar_cane":19,"minecraft:rotten_flesh":1,"minecraft:white_bed":1,"minecraft:iron_ore":41},"minecraft:broken":{"minecraft:iron_shovel":8,"minecraft:stone_pickaxe":4,"minecraft:iron_axe":2,"minecraft:iron_pickaxe":2,"minecraft:stone_shovel":10},"minecraft:custom":{"minecraft:mob_kills":30,"minecraft:animals_bred":1,"minecraft:interact_with_crafting_table":41,"minecraft:leave_game":1,"minecraft:time_since_death":215654,"minecraft:climb_one_cm":828,"minecraft:sprint_one_cm":648314,"minecraft:walk_one_cm":1398032,"minecraft:damage_blocked_by_shield":330,"minecraft:drop":71,"minecraft:talked_to_villager":1,"minecraft:deaths":4,"minecraft:sneak_time":2718,"minecraft:walk_under_water_one_cm":23311,"minecraft:jump":1960,"minecraft:interact_with_blast_furnace":1,"minecraft:walk_on_water_one_cm":50737,"minecraft:interact_with_furnace":16,"minecraft:play_one_minute":261358,"minecraft:sleep_in_bed":11,"minecraft:time_since_rest":38232,"minecraft:damage_taken":2360,"minecraft:damage_dealt":5856,"minecraft:swim_one_cm":7111,"minecraft:fly_one_cm":212526,"minecraft:open_chest":79,"minecraft:crouch_one_cm":9402,"minecraft:fall_one_cm":18667},"minecraft:picked_up":{"minecraft:wooden_axe":1,"minecraft:crafting_table":3,"minecraft:wheat":16,"minecraft:azure_bluet":1,"minecraft:chicken":3,"minecraft:oak_stairs":10,"minecraft:shield":1,"minecraft:cornflower":2,"minecraft:string":2,"minecraft:oak_trapdoor":2,"minecraft:iron_axe":2,"minecraft:wooden_sword":3,"minecraft:spruce_planks":90,"minecraft:red_dye":1,"minecraft:poppy":2,"minecraft:iron_pickaxe":2,"minecraft:light_gray_wool":1,"minecraft:sugar_cane":149,"minecraft:chest":5,"minecraft:birch_sapling":2,"minecraft:spruce_trapdoor":2,"minecraft:iron_boots":2,"minecraft:stick":21,"minecraft:sandstone":1,"minecraft:torch":167,"minecraft:acacia_log":35,"minecraft:diorite":114,"minecraft:carrot":31,"minecraft:redstone":118,"minecraft:arrow":18,"minecraft:rotten_flesh":31,"minecraft:stone_shovel":2,"minecraft:peony":2,"minecraft:pink_tulip":1,"minecraft:cobblestone":1215,"minecraft:oxeye_daisy":1,"minecraft:birch_log":109,"minecraft:polished_diorite_slab":15,"minecraft:feather":3,"minecraft:cooked_beef":10,"minecraft:andesite":33,"minecraft:brown_wool":1,"minecraft:potato":93,"minecraft:light_gray_dye":1,"minecraft:oak_log":64,"minecraft:cobblestone_wall":64,"minecraft:gunpowder":6,"minecraft:lapis_lazuli":172,"minecraft:dirt":3735,"minecraft:polished_granite":24,"minecraft:leather_boots":1,"minecraft:cooked_mutton":7,"minecraft:bone":21,"minecraft:bow":5,"minecraft:wheat_seeds":105,"minecraft:iron_ore":97,"minecraft:polished_andesite_slab":3,"minecraft:iron_sword":3,"minecraft:oak_planks":95,"minecraft:polished_andesite_stairs":1,"minecraft:cooked_porkchop":8,"minecraft:pumpkin":18,"minecraft:dandelion":7,"minecraft:poisonous_potato":1,"minecraft:gravel":61,"minecraft:sand":18,"minecraft:spruce_sapling":29,"minecraft:white_bed":3,"minecraft:spruce_log":132,"minecraft:gold_ore":7,"minecraft:polished_diorite_stairs":2,"minecraft:polished_andesite":4,"minecraft:spruce_fence_gate":2,"minecraft:diamond":2,"minecraft:polished_diorite":62,"minecraft:iron_helmet":1,"minecraft:granite":37,"minecraft:emerald":3,"minecraft:oak_sapling":2,"minecraft:coal":197},"minecraft:killed_by":{"minecraft:skeleton":2,"minecraft:zombie":1},"minecraft:mined":{"minecraft:diamond_ore":2,"minecraft:spruce_planks":88,"minecraft:spruce_trapdoor":2,"minecraft:granite":30,"minecraft:acacia_log":23,"minecraft:grass_block":2727,"minecraft:polished_andesite_slab":2,"minecraft:spruce_leaves":82,"minecraft:sandstone":1,"minecraft:redstone_ore":14,"minecraft:oak_trapdoor":2,"minecraft:carrots":8,"minecraft:iron_ore":98,"minecraft:andesite":22,"minecraft:pumpkin":19,"minecraft:azure_bluet":1,"minecraft:peony":2,"minecraft:potatoes":26,"minecraft:oak_stairs":10,"minecraft:pink_tulip":1,"minecraft:stone":711,"minecraft:acacia_leaves":1,"minecraft:dandelion":1,"minecraft:crafting_table":3,"minecraft:cornflower":2,"minecraft:torch":61,"minecraft:emerald_ore":3,"minecraft:polished_andesite_stairs":1,"minecraft:chest":5,"minecraft:dead_bush":1,"minecraft:polished_diorite_slab":9,"minecraft:tall_grass":24,"minecraft:cobblestone":23,"minecraft:lapis_ore":26,"minecraft:sugar_cane":71,"minecraft:oak_planks":61,"minecraft:diorite":95,"minecraft:wall_torch":29,"minecraft:polished_diorite_stairs":2,"minecraft:cobblestone_wall":33,"minecraft:birch_log":109,"minecraft:wheat":17,"minecraft:spruce_log":86,"minecraft:birch_leaves":5,"minecraft:grass_path":91,"minecraft:grass":104,"minecraft:oak_log":58,"minecraft:coal_ore":133,"minecraft:gravel":22,"minecraft:sand":18,"minecraft:dirt":824,"minecraft:spruce_fence_gate":2,"minecraft:gold_ore":7,"minecraft:oak_leaves":4},"minecraft:crafted":{"minecraft:wooden_sword":1,"minecraft:oak_planks":176,"minecraft:stone_shovel":11,"minecraft:polished_andesite_slab":12,"minecraft:oak_trapdoor":4,"minecraft:bow":3,"minecraft:polished_diorite":92,"minecraft:stone_pickaxe":6,"minecraft:cobblestone_wall":192,"minecraft:chest":2,"minecraft:polished_diorite_slab":36,"minecraft:cooked_porkchop":21,"minecraft:crafting_table":3,"minecraft:spruce_planks":160,"minecraft:polished_andesite_stairs":4,"minecraft:spruce_door":3,"minecraft:blue_bed":1,"minecraft:polished_granite":24,"minecraft:stone_axe":1,"minecraft:air":0,"minecraft:blue_dye":2,"minecraft:spruce_trapdoor":6,"minecraft:stick":100,"minecraft:iron_ingot":4,"minecraft:wooden_axe":1,"minecraft:iron_shovel":8,"minecraft:acacia_planks":44,"minecraft:spruce_fence_gate":8,"minecraft:torch":100,"minecraft:polished_diorite_stairs":20,"minecraft:polished_andesite":16},"minecraft:killed":{"minecraft:spider":1,"minecraft:skeleton":14,"minecraft:chicken":3,"minecraft:creeper":1,"minecraft:zombie":11},"minecraft:used":{"minecraft:peony":2,"minecraft:oak_trapdoor":6,"minecraft:iron_shovel":2058,"minecraft:stone_shovel":1533,"minecraft:chest":7,"minecraft:spruce_planks":178,"minecraft:shield":7,"minecraft:iron_sword":131,"minecraft:torch":254,"minecraft:dirt":1714,"minecraft:cobblestone_wall":225,"minecraft:carrot":12,"minecraft:azure_bluet":1,"minecraft:wooden_axe":14,"minecraft:iron_axe":462,"minecraft:oak_stairs":6,"minecraft:polished_andesite_stairs":5,"minecraft:polished_diorite_stairs":22,"minecraft:cooked_beef":6,"minecraft:potato":41,"minecraft:wheat_seeds":20,"minecraft:cooked_mutton":3,"minecraft:water_bucket":38,"minecraft:pink_tulip":1,"minecraft:spruce_door":3,"minecraft:stone_pickaxe":714,"minecraft:oak_planks":194,"minecraft:polished_diorite_slab":45,"minecraft:sandstone":1,"minecraft:spruce_fence_gate":10,"minecraft:sugar_cane":10,"minecraft:blue_bed":1,"minecraft:sand":2,"minecraft:crafting_table":6,"minecraft:oak_log":3,"minecraft:oxeye_daisy":1,"minecraft:iron_pickaxe":500,"minecraft:spruce_trapdoor":8,"minecraft:spruce_sapling":7,"minecraft:polished_andesite_slab":13,"minecraft:stone_axe":15,"minecraft:wooden_sword":27,"minecraft:cobblestone":110,"minecraft:andesite":1,"minecraft:cooked_porkchop":14,"minecraft:bucket":39,"minecraft:dandelion":2}},"DataVersion":2586}