{"stats":{"minecraft:mined":{"minecraft:diamond_ore":2,"minecraft:spruce_planks":1,"minecraft:granite":3,"minecraft:acacia_log":23,"minecraft:grass_block":1782,"minecraft:spruce_leaves":82,"minecraft:sandstone":1,"minecraft:redstone_ore":14,"minecraft:iron_ore":94,"minecraft:andesite":6,"minecraft:pumpkin":19,"minecraft:azure_bluet":1,"minecraft:peony":2,"minecraft:oak_stairs":10,"minecraft:pink_tulip":1,"minecraft:stone":295,"minecraft:acacia_leaves":1,"minecraft:dandelion":1,"minecraft:crafting_table":2,"minecraft:cornflower":2,"minecraft:torch":1,"minecraft:emerald_ore":3,"minecraft:chest":4,"minecraft:dead_bush":1,"minecraft:cobblestone":11,"minecraft:tall_grass":24,"minecraft:lapis_ore":26,"minecraft:sugar_cane":8,"minecraft:diorite":3,"minecraft:wall_torch":3,"minecraft:birch_log":109,"minecraft:spruce_log":86,"minecraft:birch_leaves":5,"minecraft:grass_path":91,"minecraft:grass":92,"minecraft:oak_log":58,"minecraft:coal_ore":128,"minecraft:gravel":22,"minecraft:sand":18,"minecraft:dirt":615,"minecraft:gold_ore":7,"minecraft:oak_leaves":4},"minecraft:custom":{"minecraft:mob_kills":29,"minecraft:interact_with_crafting_table":16,"minecraft:leave_game":1,"minecraft:time_since_death":112813,"minecraft:climb_one_cm":828,"minecraft:sprint_one_cm":427238,"minecraft:walk_one_cm":788775,"minecraft:damage_blocked_by_shield":330,"minecraft:drop":71,"minecraft:deaths":4,"minecraft:sneak_time":2670,"minecraft:walk_under_water_one_cm":10765,"minecraft:jump":1460,"minecraft:interact_with_blast_furnace":1,"minecraft:walk_on_water_one_cm":26316,"minecraft:interact_with_furnace":16,"minecraft:play_one_minute":158517,"minecraft:sleep_in_bed":8,"minecraft:time_since_rest":5050,"minecraft:damage_taken":2340,"minecraft:damage_dealt":5656,"minecraft:swim_one_cm":6625,"minecraft:fly_one_cm":135397,"minecraft:open_chest":66,"minecraft:crouch_one_cm":9239,"minecraft:fall_one_cm":15989},"minecraft:used":{"minecraft:peony":2,"minecraft:iron_shovel":2058,"minecraft:stone_shovel":393,"minecraft:spruce_planks":57,"minecraft:chest":4,"minecraft:shield":7,"minecraft:iron_sword":127,"minecraft:torch":107,"minecraft:dirt":982,"minecraft:azure_bluet":1,"minecraft:wooden_axe":14,"minecraft:iron_axe":330,"minecraft:oak_stairs":6,"minecraft:cooked_beef":6,"minecraft:cooked_mutton":3,"minecraft:water_bucket":7,"minecraft:pink_tulip":1,"minecraft:spruce_door":3,"minecraft:stone_pickaxe":131,"minecraft:oak_planks":6,"minecraft:sandstone":1,"minecraft:blue_bed":1,"minecraft:sand":2,"minecraft:crafting_table":4,"minecraft:oak_log":3,"minecraft:oxeye_daisy":1,"minecraft:iron_pickaxe":463,"minecraft:spruce_sapling":7,"minecraft:wooden_sword":27,"minecraft:cobblestone":55,"minecraft:cooked_porkchop":10,"minecraft:bucket":8,"minecraft:andesite":1,"minecraft:dandelion":2},"minecraft:picked_up":{"minecraft:wooden_axe":1,"minecraft:crafting_table":2,"minecraft:azure_bluet":1,"minecraft:chicken":3,"minecraft:oak_stairs":10,"minecraft:shield":1,"minecraft:cornflower":2,"minecraft:string":2,"minecraft:iron_axe":2,"minecraft:wooden_sword":3,"minecraft:spruce_planks":2,"minecraft:red_dye":1,"minecraft:poppy":2,"minecraft:iron_pickaxe":2,"minecraft:light_gray_wool":1,"minecraft:chest":4,"minecraft:sugar_cane":19,"minecraft:birch_sapling":2,"minecraft:iron_boots":2,"minecraft:stick":18,"minecraft:sandstone":1,"minecraft:torch":44,"minecraft:acacia_log":35,"minecraft:diorite":21,"minecraft:redstone":118,"minecraft:arrow":18,"minecraft:rotten_flesh":31,"minecraft:stone_shovel":2,"minecraft:peony":2,"minecraft:pink_tulip":1,"minecraft:cobblestone":459,"minecraft:oxeye_daisy":1,"minecraft:birch_log":109,"minecraft:feather":3,"minecraft:cooked_beef":10,"minecraft:andesite":16,"minecraft:brown_wool":1,"minecraft:light_gray_dye":1,"minecraft:oak_log":64,"minecraft:gunpowder":4,"minecraft:lapis_lazuli":172,"minecraft:dirt":2566,"minecraft:cooked_mutton":7,"minecraft:leather_boots":1,"minecraft:bone":16,"minecraft:bow":5,"minecraft:wheat_seeds":38,"minecraft:iron_ore":93,"minecraft:oak_planks":34,"minecraft:iron_sword":3,"minecraft:cooked_porkchop":8,"minecraft:pumpkin":18,"minecraft:dandelion":7,"minecraft:gravel":61,"minecraft:sand":18,"minecraft:spruce_sapling":19,"minecraft:white_bed":3,"minecraft:spruce_log":132,"minecraft:gold_ore":7,"minecraft:diamond":2,"minecraft:iron_helmet":1,"minecraft:granite":9,"minecraft:emerald":3,"minecraft:oak_sapling":1,"minecraft:coal":192},"minecraft:broken":{"minecraft:iron_shovel":8,"minecraft:stone_pickaxe":1,"minecraft:iron_axe":1,"minecraft:iron_pickaxe":1,"minecraft:stone_shovel":2},"minecraft:dropped":{"minecraft:gold_ore":7,"minecraft:iron_sword":1,"minecraft:wheat_seeds":6,"minecraft:lapis_lazuli":98,"minecraft:oak_log":17,"minecraft:diamond":2,"minecraft:cooked_porkchop":8,"minecraft:cobblestone":26,"minecraft:acacia_log":14,"minecraft:coal":1,"minecraft:stick":2,"minecraft:emerald":3,"minecraft:dirt":1,"minecraft:wooden_sword":1,"minecraft:sand":16,"minecraft:birch_log":109,"minecraft:acacia_planks":21,"minecraft:sugar_cane":19,"minecraft:rotten_flesh":1,"minecraft:white_bed":1,"minecraft:iron_ore":41},"minecraft:killed":{"minecraft:spider":1,"minecraft:skeleton":14,"minecraft:chicken":3,"minecraft:zombie":11},"minecraft:crafted":{"minecraft:wooden_sword":1,"minecraft:oak_planks":164,"minecraft:stone_shovel":2,"minecraft:bow":1,"minecraft:stone_pickaxe":1,"minecraft:cooked_porkchop":21,"minecraft:crafting_table":2,"minecraft:spruce_planks":160,"minecraft:spruce_door":3,"minecraft:blue_bed":1,"minecraft:air":0,"minecraft:blue_dye":2,"minecraft:stick":36,"minecraft:iron_ingot":4,"minecraft:wooden_axe":1,"minecraft:iron_shovel":8,"minecraft:acacia_planks":44,"minecraft:torch":68},"minecraft:killed_by":{"minecraft:skeleton":2,"minecraft:zombie":1}},"DataVersion":2586}