{"stats":{"minecraft:mined":{"minecraft:diamond_ore":2,"minecraft:spruce_planks":88,"minecraft:granite":30,"minecraft:acacia_log":23,"minecraft:grass_block":2727,"minecraft:polished_andesite_slab":2,"minecraft:spruce_leaves":82,"minecraft:sandstone":1,"minecraft:redstone_ore":14,"minecraft:iron_ore":98,"minecraft:andesite":22,"minecraft:pumpkin":19,"minecraft:azure_bluet":1,"minecraft:peony":2,"minecraft:oak_stairs":10,"minecraft:pink_tulip":1,"minecraft:stone":711,"minecraft:acacia_leaves":1,"minecraft:dandelion":1,"minecraft:crafting_table":3,"minecraft:cornflower":2,"minecraft:torch":55,"minecraft:emerald_ore":3,"minecraft:polished_andesite_stairs":1,"minecraft:chest":4,"minecraft:dead_bush":1,"minecraft:polished_diorite_slab":9,"minecraft:cobblestone":23,"minecraft:tall_grass":24,"minecraft:lapis_ore":26,"minecraft:oak_planks":61,"minecraft:sugar_cane":8,"minecraft:diorite":95,"minecraft:wall_torch":29,"minecraft:polished_diorite_stairs":1,"minecraft:cobblestone_wall":26,"minecraft:birch_log":109,"minecraft:spruce_log":86,"minecraft:birch_leaves":5,"minecraft:grass_path":91,"minecraft:grass":104,"minecraft:oak_log":58,"minecraft:coal_ore":133,"minecraft:gravel":22,"minecraft:sand":18,"minecraft:dirt":812,"minecraft:gold_ore":7,"minecraft:oak_leaves":4},"minecraft:custom":{"minecraft:mob_kills":30,"minecraft:interact_with_crafting_table":32,"minecraft:leave_game":1,"minecraft:time_since_death":196813,"minecraft:climb_one_cm":828,"minecraft:sprint_one_cm":603574,"minecraft:walk_one_cm":1267964,"minecraft:damage_blocked_by_shield":330,"minecraft:drop":71,"minecraft:talked_to_villager":1,"minecraft:deaths":4,"minecraft:sneak_time":2701,"minecraft:walk_under_water_one_cm":21648,"minecraft:jump":1867,"minecraft:interact_with_blast_furnace":1,"minecraft:walk_on_water_one_cm":48520,"minecraft:interact_with_furnace":16,"minecraft:play_one_minute":242517,"minecraft:sleep_in_bed":11,"minecraft:time_since_rest":19391,"minecraft:damage_taken":2360,"minecraft:damage_dealt":5856,"minecraft:swim_one_cm":6625,"minecraft:fly_one_cm":189124,"minecraft:open_chest":73,"minecraft:crouch_one_cm":9253,"minecraft:fall_one_cm":18189},"minecraft:used":{"minecraft:peony":2,"minecraft:iron_shovel":2058,"minecraft:stone_shovel":1521,"minecraft:spruce_planks":178,"minecraft:chest":5,"minecraft:shield":7,"minecraft:iron_sword":131,"minecraft:torch":239,"minecraft:dirt":1714,"minecraft:cobblestone_wall":155,"minecraft:azure_bluet":1,"minecraft:wooden_axe":14,"minecraft:iron_axe":462,"minecraft:oak_stairs":6,"minecraft:polished_andesite_stairs":5,"minecraft:polished_diorite_stairs":13,"minecraft:cooked_beef":6,"minecraft:cooked_mutton":3,"minecraft:water_bucket":37,"minecraft:pink_tulip":1,"minecraft:spruce_door":3,"minecraft:stone_pickaxe":706,"minecraft:oak_planks":194,"minecraft:polished_diorite_slab":27,"minecraft:sandstone":1,"minecraft:blue_bed":1,"minecraft:sand":2,"minecraft:crafting_table":6,"minecraft:oak_log":3,"minecraft:oxeye_daisy":1,"minecraft:iron_pickaxe":500,"minecraft:spruce_sapling":7,"minecraft:polished_andesite_slab":13,"minecraft:stone_axe":8,"minecraft:wooden_sword":27,"minecraft:cobblestone":110,"minecraft:cooked_porkchop":14,"minecraft:bucket":37,"minecraft:andesite":1,"minecraft:dandelion":2},"minecraft:picked_up":{"minecraft:wooden_axe":1,"minecraft:crafting_table":3,"minecraft:azure_bluet":1,"minecraft:chicken":3,"minecraft:oak_stairs":10,"minecraft:shield":1,"minecraft:cornflower":2,"minecraft:string":2,"minecraft:iron_axe":2,"minecraft:wooden_sword":3,"minecraft:spruce_planks":90,"minecraft:red_dye":1,"minecraft:poppy":2,"minecraft:iron_pickaxe":2,"minecraft:light_gray_wool":1,"minecraft:chest":4,"minecraft:sugar_cane":19,"minecraft:birch_sapling":2,"minecraft:iron_boots":2,"minecraft:stick":21,"minecraft:sandstone":1,"minecraft:torch":158,"minecraft:acacia_log":35,"minecraft:diorite":113,"minecraft:redstone":118,"minecraft:arrow":18,"minecraft:rotten_flesh":31,"minecraft:stone_shovel":2,"minecraft:peony":2,"minecraft:pink_tulip":1,"minecraft:cobblestone":884,"minecraft:oxeye_daisy":1,"minecraft:birch_log":109,"minecraft:polished_diorite_slab":9,"minecraft:feather":3,"minecraft:cooked_beef":10,"minecraft:andesite":32,"minecraft:brown_wool":1,"minecraft:light_gray_dye":1,"minecraft:oak_log":64,"minecraft:cobblestone_wall":42,"minecraft:gunpowder":5,"minecraft:lapis_lazuli":172,"minecraft:dirt":3704,"minecraft:cooked_mutton":7,"minecraft:leather_boots":1,"minecraft:bone":16,"minecraft:bow":5,"minecraft:wheat_seeds":42,"minecraft:iron_ore":97,"minecraft:polished_andesite_slab":2,"minecraft:oak_planks":95,"minecraft:iron_sword":3,"minecraft:polished_andesite_stairs":1,"minecraft:cooked_porkchop":8,"minecraft:pumpkin":18,"minecraft:dandelion":7,"minecraft:gravel":61,"minecraft:sand":18,"minecraft:spruce_sapling":19,"minecraft:white_bed":3,"minecraft:spruce_log":132,"minecraft:gold_ore":7,"minecraft:polished_diorite_stairs":1,"minecraft:diamond":2,"minecraft:iron_helmet":1,"minecraft:granite":35,"minecraft:emerald":3,"minecraft:oak_sapling":1,"minecraft:coal":197},"minecraft:broken":{"minecraft:iron_shovel":8,"minecraft:stone_pickaxe":4,"minecraft:iron_axe":2,"minecraft:iron_pickaxe":2,"minecraft:stone_shovel":10},"minecraft:dropped":{"minecraft:gold_ore":7,"minecraft:iron_sword":1,"minecraft:wheat_seeds":6,"minecraft:lapis_lazuli":98,"minecraft:oak_log":17,"minecraft:diamond":2,"minecraft:cooked_porkchop":8,"minecraft:cobblestone":26,"minecraft:acacia_log":14,"minecraft:coal":1,"minecraft:stick":2,"minecraft:emerald":3,"minecraft:dirt":1,"minecraft:wooden_sword":1,"minecraft:sand":16,"minecraft:birch_log":109,"minecraft:acacia_planks":21,"minecraft:sugar_cane":19,"minecraft:rotten_flesh":1,"minecraft:white_bed":1,"minecraft:iron_ore":41},"minecraft:killed":{"minecraft:spider":1,"minecraft:skeleton":14,"minecraft:chicken":3,"minecraft:creeper":1,"minecraft:zombie":11},"minecraft:crafted":{"minecraft:wooden_sword":1,"minecraft:oak_planks":164,"minecraft:stone_shovel":11,"minecraft:polished_andesite_slab":12,"minecraft:polished_diorite":92,"minecraft:bow":3,"minecraft:stone_pickaxe":6,"minecraft:cobblestone_wall":144,"minecraft:chest":1,"minecraft:polished_diorite_slab":24,"minecraft:cooked_porkchop":21,"minecraft:crafting_table":3,"minecraft:spruce_planks":160,"minecraft:polished_andesite_stairs":4,"minecraft:spruce_door":3,"minecraft:blue_bed":1,"minecraft:polished_granite":24,"minecraft:stone_axe":1,"minecraft:air":0,"minecraft:blue_dye":2,"minecraft:stick":68,"minecraft:iron_ingot":4,"minecraft:wooden_axe":1,"minecraft:iron_shovel":8,"minecraft:acacia_planks":44,"minecraft:polished_diorite_stairs":12,"minecraft:torch":100,"minecraft:polished_andesite":16},"minecraft:killed_by":{"minecraft:skeleton":2,"minecraft:zombie":1}},"DataVersion":2586}