{"stats":{"minecraft:dropped":{"sophisticatedbackpacks:iron_backpack":1,"minecraft:gold_ore":7,"minecraft:iron_sword":1,"minecraft:lapis_lazuli":98,"minecraft:oak_log":37,"minecraft:diamond":2,"minecraft:cooked_porkchop":17,"minecraft:emerald":3,"minecraft:dirt":65,"minecraft:wooden_sword":1,"minecraft:sand":16,"minecraft:birch_log":122,"minecraft:white_wool":12,"minecraft:gold_ingot":2,"minecraft:stone_axe":2,"minecraft:sugar_cane":19,"minecraft:rotten_flesh":44,"minecraft:white_bed":1,"minecraft:carrot":64,"minecraft:iron_ore":41,"minecraft:water_bucket":2,"minecraft:wheat_seeds":6,"minecraft:cobblestone":26,"minecraft:book":3,"minecraft:acacia_log":14,"minecraft:coal":1,"minecraft:stick":2,"minecraft:acacia_planks":21,"minecraft:spruce_sapling":1,"minecraft:stone_shovel":1,"sophisticatedbackpacks:backpack":1},"minecraft:picked_up":{"minecraft:wooden_axe":1,"minecraft:wheat":112,"minecraft:anvil":3,"minecraft:yellow_wool":14,"minecraft:smithing_table":3,"minecraft:diamond_sword":1,"minecraft:oak_stairs":18,"minecraft:potion":5,"minecraft:brewing_stand":1,"minecraft:lapis_block":1,"minecraft:string":10,"minecraft:oak_sign":6,"minecraft:diamond_leggings":1,"minecraft:smooth_stone":6,"minecraft:comparator":1,"minecraft:spruce_planks":125,"minecraft:red_dye":2,"minecraft:iron_pickaxe":2,"minecraft:melon_slice":83,"minecraft:furnace":5,"minecraft:iron_boots":2,"minecraft:blue_wool":26,"minecraft:stick":71,"minecraft:birch_trapdoor":1,"minecraft:torch":405,"minecraft:acacia_log":35,"minecraft:spruce_stairs":7,"minecraft:porkchop":30,"minecraft:diorite":157,"minecraft:rotten_flesh":63,"minecraft:light_blue_wool":9,"minecraft:cobblestone":2115,"minecraft:birch_log":140,"minecraft:enchanting_table":1,"minecraft:repeater":1,"minecraft:cooked_beef":10,"minecraft:polished_diorite_slab":31,"minecraft:feather":13,"minecraft:lilac":6,"minecraft:water_bucket":2,"minecraft:andesite":36,"minecraft:brown_wool":75,"minecraft:smoker":3,"minecraft:potato":762,"minecraft:light_gray_dye":1,"minecraft:wither_skeleton_skull":1,"minecraft:lapis_lazuli":172,"minecraft:lantern":4,"minecraft:dirt":5354,"minecraft:polished_granite":48,"minecraft:bone":31,"minecraft:leather_boots":1,"minecraft:glass":17,"minecraft:stonecutter":2,"minecraft:bow":7,"minecraft:wheat_seeds":435,"minecraft:orange_tulip":19,"minecraft:grindstone":2,"minecraft:fletching_table":3,"minecraft:diamond_helmet":1,"minecraft:oak_planks":156,"minecraft:cooked_porkchop":19,"minecraft:poisonous_potato":7,"minecraft:jungle_planks":28,"minecraft:sand":19,"minecraft:stripped_spruce_log":1,"sophisticatedbackpacks:iron_backpack":2,"minecraft:lily_of_the_valley":51,"minecraft:barrel":3,"minecraft:orange_wool":14,"minecraft:polished_andesite":8,"minecraft:spruce_fence_gate":4,"minecraft:yellow_carpet":44,"minecraft:diamond":2,"minecraft:lever":4,"minecraft:granite":42,"minecraft:grass":8,"minecraft:spruce_sign":1,"minecraft:emerald":3,"minecraft:oak_sapling":9,"minecraft:diamond_pickaxe":1,"minecraft:spruce_leaves":104,"minecraft:crafting_table":12,"minecraft:azure_bluet":39,"minecraft:splash_potion":1,"minecraft:chicken":11,"minecraft:pink_wool":20,"minecraft:stone_brick_wall":1,"minecraft:chain":1,"minecraft:acacia_button":2,"minecraft:shield":2,"minecraft:cornflower":41,"minecraft:oak_trapdoor":13,"minecraft:iron_axe":2,"minecraft:wooden_sword":3,"minecraft:white_carpet":4,"minecraft:item_frame":3,"minecraft:cartography_table":2,"minecraft:beef":15,"minecraft:iron_nugget":5,"minecraft:poppy":18,"minecraft:chest":24,"minecraft:light_gray_wool":1,"minecraft:sugar_cane":872,"minecraft:birch_sapling":15,"minecraft:spruce_trapdoor":34,"minecraft:egg":65,"minecraft:sandstone":1,"minecraft:spruce_fence":3,"minecraft:note_block":8,"sophisticatedbackpacks:backpack":1,"minecraft:carrot":1045,"minecraft:redstone":157,"minecraft:light_blue_bed":3,"minecraft:blue_carpet":23,"minecraft:arrow":103,"minecraft:stone_shovel":2,"minecraft:diamond_chestplate":1,"minecraft:peony":6,"minecraft:shears":1,"minecraft:diamond_boots":1,"minecraft:hay_block":10,"minecraft:pink_tulip":94,"minecraft:mutton":13,"minecraft:white_wool":72,"minecraft:oxeye_daisy":63,"minecraft:leather":10,"minecraft:birch_planks":40,"minecraft:oak_log":201,"minecraft:cobblestone_wall":68,"minecraft:gunpowder":9,"minecraft:cobblestone_stairs":2,"minecraft:cooked_mutton":7,"minecraft:red_carpet":20,"minecraft:stone_bricks":8,"minecraft:apple":1,"minecraft:stone_pickaxe":1,"minecraft:iron_ore":106,"minecraft:polished_andesite_slab":4,"minecraft:iron_sword":5,"minecraft:book":120,"minecraft:oak_slab":1,"minecraft:polished_andesite_stairs":1,"minecraft:pumpkin":18,"minecraft:red_wool":21,"minecraft:dandelion":36,"minecraft:gravel":61,"minecraft:spruce_sapling":114,"minecraft:blast_furnace":5,"minecraft:white_bed":3,"minecraft:spruce_log":296,"minecraft:gold_ore":7,"minecraft:spider_eye":2,"minecraft:polished_diorite_stairs":3,"minecraft:polished_diorite":159,"minecraft:stone_axe":2,"minecraft:iron_helmet":1,"minecraft:diamond_axe":1,"minecraft:painting":100,"minecraft:oak_button":5,"minecraft:coal":295},"minecraft:killed":{"minecraft:spider":7,"minecraft:skeleton":15,"minecraft:chicken":11,"minecraft:pig":12,"minecraft:creeper":2,"minecraft:sheep":8,"minecraft:zombie":14,"minecraft:cow":10,"minecraft:villager":1},"minecraft:mined":{"minecraft:blue_carpet":16,"minecraft:spruce_planks":114,"minecraft:cobblestone_stairs":2,"minecraft:brewing_stand":1,"minecraft:spruce_trapdoor":33,"minecraft:granite":33,"minecraft:acacia_log":23,"minecraft:stone_brick_wall":1,"minecraft:grass_block":2901,"sophisticatedbackpacks:iron_backpack":1,"minecraft:yellow_carpet":36,"minecraft:polished_diorite":27,"minecraft:oak_wall_sign":3,"minecraft:oxeye_daisy":39,"minecraft:iron_ore":107,"minecraft:barrel":3,"minecraft:pumpkin":19,"minecraft:fletching_table":3,"minecraft:anvil":3,"minecraft:azure_bluet":24,"minecraft:enchanting_table":1,"minecraft:oak_stairs":18,"minecraft:pink_tulip":59,"minecraft:smoker":3,"minecraft:torch":96,"minecraft:note_block":8,"minecraft:blast_furnace":5,"minecraft:poppy":12,"minecraft:melon":16,"minecraft:polished_andesite_stairs":1,"minecraft:chest":24,"minecraft:dead_bush":1,"minecraft:spruce_wall_sign":1,"minecraft:polished_diorite_slab":21,"minecraft:glass":22,"minecraft:cobblestone":30,"minecraft:oak_planks":113,"minecraft:sugar_cane":381,"minecraft:grindstone":2,"minecraft:wall_torch":53,"minecraft:polished_diorite_stairs":3,"minecraft:chain":1,"minecraft:repeater":1,"minecraft:lapis_block":1,"minecraft:birch_log":140,"minecraft:wheat":118,"minecraft:birch_trapdoor":1,"minecraft:lilac":6,"minecraft:orange_tulip":13,"minecraft:grass":172,"minecraft:oak_log":116,"minecraft:sand":19,"minecraft:dirt":2120,"minecraft:wither_skeleton_skull":1,"minecraft:stonecutter":2,"minecraft:oak_leaves":23,"minecraft:diamond_ore":2,"minecraft:red_carpet":26,"minecraft:lever":4,"minecraft:spruce_fence":3,"minecraft:acacia_button":2,"minecraft:redstone_wire":39,"minecraft:polished_andesite_slab":2,"minecraft:spruce_leaves":311,"minecraft:cartography_table":2,"minecraft:sandstone":1,"minecraft:hay_block":10,"minecraft:redstone_ore":14,"minecraft:oak_trapdoor":12,"minecraft:furnace":3,"minecraft:carrots":273,"minecraft:andesite":24,"minecraft:stripped_spruce_log":1,"minecraft:peony":4,"minecraft:bookshelf":37,"minecraft:potatoes":203,"minecraft:lantern":2,"minecraft:stone":1341,"minecraft:smithing_table":3,"minecraft:oak_slab":1,"minecraft:acacia_leaves":1,"minecraft:glass_pane":3,"minecraft:comparator":1,"minecraft:lily_of_the_valley":24,"minecraft:dandelion":17,"minecraft:crafting_table":12,"minecraft:cornflower":25,"minecraft:emerald_ore":3,"minecraft:tall_grass":55,"minecraft:lapis_ore":26,"minecraft:diorite":135,"minecraft:spruce_stairs":7,"minecraft:birch_planks":26,"minecraft:light_blue_bed":3,"minecraft:cobblestone_wall":37,"minecraft:white_carpet":4,"minecraft:spruce_log":255,"minecraft:birch_leaves":28,"minecraft:grass_path":93,"minecraft:coal_ore":133,"minecraft:gravel":22,"minecraft:oak_button":5,"minecraft:spruce_fence_gate":4,"minecraft:stone_bricks":8,"minecraft:gold_ore":7},"minecraft:killed_by":{"minecraft:zombie":1,"minecraft:skeleton":2,"minecraft:wither":1},"minecraft:broken":{"minecraft:iron_shovel":8,"minecraft:stone_pickaxe":8,"minecraft:stone_axe":3,"minecraft:iron_sword":1,"minecraft:stone_shovel":22,"minecraft:shield":1,"minecraft:iron_axe":2,"minecraft:iron_pickaxe":2},"minecraft:used":{"minecraft:peony":8,"minecraft:iron_shovel":2058,"minecraft:ladder":12,"minecraft:poppy":15,"minecraft:oak_sign":19,"minecraft:shield":49,"minecraft:chest":99,"minecraft:iron_sword":275,"minecraft:lily_of_the_valley":49,"minecraft:carrot":367,"minecraft:acacia_button":2,"minecraft:azure_bluet":23,"minecraft:glass":183,"minecraft:lantern":29,"minecraft:grass_block":1,"minecraft:birch_sapling":6,"minecraft:polished_andesite_stairs":5,"minecraft:light_blue_bed":4,"minecraft:stone_bricks":276,"minecraft:item_frame":9,"minecraft:birch_trapdoor":3,"minecraft:repeater":10,"minecraft:red_carpet":38,"minecraft:bow":19,"minecraft:hay_block":5,"minecraft:oak_sapling":2,"minecraft:furnace":12,"minecraft:gold_block":1,"minecraft:polished_diorite_stairs":34,"minecraft:egg":9,"minecraft:potato":246,"minecraft:diorite":2,"minecraft:spruce_door":3,"minecraft:wither_skeleton_skull":1,"minecraft:stone_pickaxe":1161,"minecraft:oak_planks":367,"minecraft:polished_diorite_slab":80,"minecraft:orange_tulip":18,"minecraft:sandstone":1,"minecraft:redstone_block":1,"minecraft:sugar_cane":33,"minecraft:diamond_axe":186,"minecraft:blue_bed":1,"minecraft:sand":3,"minecraft:blast_furnace":6,"minecraft:stone_brick_wall":7,"minecraft:note_block":12,"minecraft:shears":57,"minecraft:lever":7,"minecraft:acacia_door":2,"minecraft:lectern":1,"minecraft:lilac":6,"minecraft:polished_andesite_slab":13,"minecraft:diamond_sword":36,"minecraft:coal_block":1,"minecraft:wooden_sword":27,"minecraft:grindstone":3,"minecraft:chain":6,"minecraft:smithing_table":4,"minecraft:andesite":1,"minecraft:birch_log":3,"minecraft:smooth_stone_slab":5,"minecraft:bone_meal":45,"minecraft:oak_fence":6,"minecraft:oak_trapdoor":30,"sophisticatedbackpacks:iron_backpack":1,"minecraft:enchanting_table":1,"minecraft:carved_pumpkin":4,"minecraft:armor_stand":1,"minecraft:stone_shovel":3165,"minecraft:redstone":69,"minecraft:spruce_planks":362,"minecraft:stone_hoe":68,"minecraft:oak_door":3,"minecraft:torch":454,"minecraft:brewing_stand":1,"minecraft:dirt":1954,"minecraft:anvil":3,"minecraft:white_carpet":41,"minecraft:spruce_stairs":8,"minecraft:cobblestone_wall":235,"minecraft:yellow_carpet":50,"minecraft:oak_fence_gate":2,"minecraft:spruce_fence":12,"minecraft:polished_diorite":85,"minecraft:wooden_axe":14,"minecraft:bookshelf":40,"minecraft:iron_block":17,"minecraft:iron_axe":462,"minecraft:oak_stairs":27,"minecraft:spruce_button":1,"minecraft:barrel":14,"minecraft:stone_pressure_plate":1,"minecraft:cooked_beef":6,"minecraft:wheat_seeds":132,"minecraft:cooked_mutton":3,"minecraft:water_bucket":106,"minecraft:pink_tulip":81,"minecraft:cobblestone_stairs":13,"minecraft:birch_planks":14,"minecraft:cartography_table":3,"minecraft:spruce_sign":7,"minecraft:fletching_table":4,"minecraft:stonecutter":3,"minecraft:spruce_fence_gate":12,"minecraft:comparator":3,"minecraft:oak_slab":18,"minecraft:crafting_table":20,"minecraft:painting":104,"minecraft:spruce_log":60,"minecraft:smoker":4,"minecraft:oak_log":15,"minecraft:diamond_pickaxe":328,"minecraft:cornflower":38,"minecraft:oxeye_daisy":63,"minecraft:oak_button":6,"minecraft:iron_pickaxe":500,"minecraft:spruce_trapdoor":65,"minecraft:spruce_sapling":49,"minecraft:stone_axe":397,"minecraft:blue_carpet":36,"minecraft:cobblestone":119,"minecraft:potion":2,"minecraft:cooked_porkchop":24,"minecraft:bucket":108,"minecraft:lapis_block":1,"minecraft:glass_pane":41,"minecraft:dandelion":25,"minecraft:smooth_stone":2},"minecraft:custom":{"minecraft:animals_bred":69,"minecraft:interact_with_crafting_table":179,"minecraft:open_barrel":187,"minecraft:leave_game":9,"minecraft:time_since_death":55011,"minecraft:sprint_one_cm":1754771,"minecraft:damage_blocked_by_shield":1830,"minecraft:drop":141,"minecraft:play_noteblock":8,"minecraft:talked_to_villager":4,"minecraft:deaths":5,"minecraft:jump":4059,"minecraft:walk_on_water_one_cm":83318,"minecraft:interact_with_furnace":74,"minecraft:interact_with_cartography_table":2,"minecraft:play_one_minute":878093,"minecraft:sleep_in_bed":19,"minecraft:damage_dealt":11301,"minecraft:crouch_one_cm":20047,"minecraft:interact_with_smoker":7,"minecraft:interact_with_smithing_table":3,"minecraft:interact_with_anvil":2,"minecraft:mob_kills":82,"minecraft:climb_one_cm":19235,"minecraft:walk_one_cm":4374398,"minecraft:sneak_time":9666,"minecraft:walk_under_water_one_cm":43434,"minecraft:interact_with_blast_furnace":7,"minecraft:tune_noteblock":374,"minecraft:interact_with_stonecutter":9,"minecraft:interact_with_grindstone":6,"minecraft:time_since_rest":55126,"minecraft:damage_taken":3769,"minecraft:swim_one_cm":20246,"minecraft:fly_one_cm":510819,"minecraft:open_chest":688,"minecraft:fall_one_cm":36042},"minecraft:crafted":{"minecraft:grindstone":1,"minecraft:smooth_stone":12,"minecraft:oak_planks":1108,"minecraft:barrel":11,"minecraft:oak_sign":12,"minecraft:chain":5,"minecraft:cobblestone_stairs":57,"minecraft:stone":297,"minecraft:lever":4,"minecraft:bookshelf":38,"minecraft:bow":3,"minecraft:chest":77,"minecraft:oak_button":1,"minecraft:stone_hoe":2,"minecraft:stone_bricks":276,"minecraft:oak_fence":6,"minecraft:polished_diorite_slab":70,"minecraft:smoker":1,"minecraft:item_frame":3,"minecraft:oak_slab":66,"sophisticatedbackpacks:backpack":4,"minecraft:cooked_porkchop":21,"minecraft:crafting_table":8,"minecraft:spruce_planks":488,"minecraft:polished_andesite_stairs":4,"minecraft:spruce_door":3,"minecraft:smithing_table":1,"minecraft:fletching_table":1,"minecraft:birch_planks":156,"minecraft:hay_block":1,"minecraft:acacia_button":4,"minecraft:painting":7,"minecraft:cartography_table":1,"minecraft:spruce_trapdoor":34,"minecraft:lectern":1,"minecraft:paper":3,"minecraft:yellow_dye":2,"minecraft:stone_slab":6,"minecraft:stick":288,"minecraft:iron_ingot":116,"minecraft:light_blue_bed":1,"minecraft:acacia_door":3,"minecraft:gold_ingot":2,"minecraft:spruce_fence_gate":8,"minecraft:polished_diorite_stairs":60,"minecraft:shears":1,"minecraft:polished_andesite":16,"minecraft:wooden_sword":1,"minecraft:oak_door":3,"minecraft:stone_shovel":24,"minecraft:stone_brick_wall":6,"minecraft:smooth_stone_slab":6,"minecraft:iron_nugget":261,"minecraft:spruce_button":1,"minecraft:furnace":10,"minecraft:blast_furnace":1,"minecraft:bone_meal":45,"minecraft:spruce_fence":9,"minecraft:pink_dye":1,"minecraft:white_carpet":42,"minecraft:polished_andesite_slab":12,"minecraft:glass_pane":80,"minecraft:oak_trapdoor":14,"minecraft:lantern":25,"minecraft:spruce_stairs":4,"minecraft:polished_diorite":128,"minecraft:ladder":12,"minecraft:stone_pickaxe":9,"minecraft:cobblestone_wall":198,"sophisticatedbackpacks:iron_backpack":2,"minecraft:wheat":72,"minecraft:coal_block":1,"minecraft:red_dye":1,"minecraft:spruce_sign":6,"minecraft:yellow_carpet":15,"minecraft:iron_sword":1,"minecraft:blue_bed":1,"minecraft:polished_granite":24,"minecraft:bucket":1,"minecraft:red_carpet":18,"minecraft:stone_axe":4,"minecraft:orange_dye":1,"minecraft:air":0,"minecraft:jungle_planks":28,"minecraft:blue_dye":3,"minecraft:oak_fence_gate":2,"minecraft:white_dye":2,"minecraft:oak_stairs":16,"minecraft:birch_trapdoor":2,"minecraft:wooden_axe":1,"minecraft:iron_shovel":8,"minecraft:armor_stand":1,"minecraft:stonecutter":1,"minecraft:note_block":4,"minecraft:acacia_planks":136,"minecraft:torch":280,"minecraft:lapis_block":1,"minecraft:blue_carpet":21}},"DataVersion":2586}