{"stats":{"minecraft:mined":{"minecraft:diamond_ore":3,"minecraft:stone_pressure_plate":1,"minecraft:pink_bed":1,"minecraft:acacia_log":26,"minecraft:grass_block":110,"minecraft:oxeye_daisy":3,"minecraft:sandstone":11,"minecraft:redstone_ore":6,"minecraft:furnace":3,"minecraft:carrots":2,"minecraft:iron_ore":78,"minecraft:chiseled_sandstone":1,"minecraft:andesite":7,"minecraft:peony":2,"minecraft:gold_block":3,"minecraft:stone":93,"minecraft:cut_sandstone":7,"minecraft:acacia_leaves":3,"minecraft:orange_terracotta":1,"minecraft:dandelion":2,"minecraft:crafting_table":3,"minecraft:torch":3,"minecraft:emerald_ore":5,"minecraft:poppy":2,"minecraft:dead_bush":12,"minecraft:tall_grass":6,"minecraft:cobblestone":1,"minecraft:lapis_ore":12,"minecraft:sugar_cane":46,"minecraft:wall_torch":1,"minecraft:cactus":1,"minecraft:birch_log":7,"minecraft:lilac":4,"minecraft:tnt":9,"minecraft:grass":45,"minecraft:oak_log":303,"minecraft:coal_ore":193,"minecraft:sand":252,"minecraft:gravel":12,"minecraft:dirt":4,"minecraft:gold_ore":18,"minecraft:oak_leaves":62},"minecraft:custom":{"minecraft:mob_kills":115,"minecraft:interact_with_crafting_table":30,"minecraft:leave_game":2,"minecraft:time_since_death":99809,"minecraft:sprint_one_cm":406026,"minecraft:walk_one_cm":348138,"minecraft:damage_blocked_by_shield":515,"minecraft:drop":25,"minecraft:talked_to_villager":9,"minecraft:deaths":3,"minecraft:sneak_time":16430,"minecraft:walk_under_water_one_cm":8882,"minecraft:jump":2790,"minecraft:walk_on_water_one_cm":35249,"minecraft:interact_with_furnace":65,"minecraft:play_one_minute":148200,"minecraft:sleep_in_bed":4,"minecraft:time_since_rest":46490,"minecraft:damage_taken":2630,"minecraft:damage_dealt":14275,"minecraft:swim_one_cm":1722,"minecraft:fly_one_cm":732212,"minecraft:open_chest":70,"minecraft:crouch_one_cm":47397,"minecraft:fish_caught":3,"minecraft:fall_one_cm":59136},"minecraft:used":{"minecraft:stone_sword":157,"minecraft:iron_shovel":364,"minecraft:tropical_fish":1,"minecraft:chest":4,"minecraft:shield":16,"minecraft:iron_sword":257,"minecraft:torch":56,"minecraft:dirt":161,"minecraft:carrot":1,"minecraft:acacia_sapling":2,"minecraft:granite":1,"minecraft:obsidian":1,"minecraft:iron_axe":254,"minecraft:beef":2,"minecraft:oak_sapling":20,"minecraft:furnace":7,"minecraft:cooked_cod":1,"minecraft:stone_pressure_plate":1,"minecraft:egg":2,"minecraft:cooked_beef":12,"minecraft:cooked_mutton":2,"minecraft:stone_pickaxe":167,"minecraft:wooden_pickaxe":24,"minecraft:sandstone":11,"minecraft:crafting_table":3,"minecraft:apple":2,"minecraft:chiseled_sandstone":1,"minecraft:chicken":1,"minecraft:iron_pickaxe":259,"minecraft:spruce_sapling":1,"minecraft:gravel":10,"minecraft:stone_axe":139,"minecraft:pink_bed":2,"minecraft:fishing_rod":4,"minecraft:cobblestone":35,"minecraft:cooked_porkchop":13,"minecraft:andesite":3,"minecraft:bucket":1},"minecraft:picked_up":{"minecraft:fishing_rod":2,"minecraft:crafting_table":3,"minecraft:azure_bluet":2,"minecraft:chicken":6,"minecraft:gold_block":3,"minecraft:shield":1,"minecraft:string":16,"minecraft:iron_leggings":1,"minecraft:bucket":2,"minecraft:beef":35,"minecraft:poppy":2,"minecraft:light_gray_wool":2,"minecraft:sugar_cane":106,"minecraft:furnace":4,"minecraft:egg":3,"minecraft:stick":33,"minecraft:sandstone":11,"minecraft:torch":47,"minecraft:acacia_log":25,"minecraft:porkchop":42,"minecraft:carrot":8,"minecraft:redstone":28,"minecraft:stone_pressure_plate":3,"minecraft:tnt":9,"minecraft:arrow":21,"minecraft:stone_sword":1,"minecraft:cactus":4,"minecraft:rotten_flesh":43,"minecraft:tropical_fish":1,"minecraft:peony":2,"minecraft:hay_block":2,"minecraft:mutton":24,"minecraft:cod":2,"minecraft:white_wool":13,"minecraft:cobblestone":150,"minecraft:oxeye_daisy":3,"minecraft:birch_log":7,"minecraft:cooked_beef":1,"minecraft:feather":7,"minecraft:lilac":4,"minecraft:andesite":14,"minecraft:cut_sandstone":6,"minecraft:brown_wool":3,"minecraft:leather":13,"minecraft:flint":1,"minecraft:oak_log":302,"minecraft:lapis_lazuli":83,"minecraft:dirt":348,"minecraft:orange_terracotta":1,"minecraft:cooked_mutton":5,"minecraft:bone":18,"minecraft:apple":2,"minecraft:wheat_seeds":15,"minecraft:stone_pickaxe":2,"minecraft:iron_ingot":17,"minecraft:iron_ore":96,"minecraft:acacia_sapling":3,"minecraft:iron_sword":3,"minecraft:oak_planks":46,"minecraft:pink_bed":1,"minecraft:cooked_porkchop":17,"minecraft:dandelion":4,"minecraft:gravel":21,"minecraft:sand":242,"minecraft:spruce_sapling":1,"minecraft:white_bed":1,"minecraft:gold_ore":18,"minecraft:chiseled_sandstone":1,"minecraft:spider_eye":10,"minecraft:slime_ball":20,"minecraft:diamond":3,"minecraft:stone_axe":2,"minecraft:granite":1,"minecraft:emerald":5,"minecraft:oak_sapling":24,"minecraft:coal":326},"minecraft:broken":{"minecraft:iron_shovel":1,"minecraft:stone_sword":1,"minecraft:stone_pickaxe":1,"minecraft:iron_axe":1,"minecraft:stone_axe":1,"minecraft:iron_pickaxe":1},"minecraft:dropped":{"minecraft:iron_sword":1,"minecraft:wheat_seeds":5,"minecraft:cooked_beef":5,"minecraft:brown_wool":1,"minecraft:cut_sandstone":6,"minecraft:bucket":1,"minecraft:white_wool":6,"minecraft:acacia_planks":17,"minecraft:furnace":1,"minecraft:stone_sword":1,"minecraft:rotten_flesh":7,"minecraft:orange_terracotta":1,"minecraft:stone_pressure_plate":2,"minecraft:stone_pickaxe":1},"minecraft:killed":{"minecraft:spider":10,"minecraft:slime":12,"minecraft:skeleton":8,"minecraft:chicken":6,"minecraft:drowned":1,"minecraft:husk":5,"minecraft:pig":18,"minecraft:creeper":1,"minecraft:sheep":16,"minecraft:zombie":20,"minecraft:enderman":1,"minecraft:cow":15},"minecraft:crafted":{"minecraft:oak_planks":132,"minecraft:fishing_rod":1,"minecraft:pink_bed":1,"minecraft:furnace":6,"minecraft:pink_dye":4,"minecraft:bow":2,"minecraft:iron_boots":1,"minecraft:iron_axe":2,"minecraft:stone_pickaxe":3,"minecraft:chest":4,"minecraft:magenta_dye":2,"minecraft:cooked_beef":30,"minecraft:red_dye":1,"minecraft:cooked_cod":1,"minecraft:cooked_porkchop":6,"minecraft:crafting_table":2,"minecraft:wooden_pickaxe":1,"minecraft:iron_helmet":1,"minecraft:birch_planks":28,"minecraft:stone_axe":1,"minecraft:air":0,"minecraft:white_wool":1,"minecraft:shield":1,"minecraft:stick":40,"minecraft:iron_ingot":41,"minecraft:iron_pickaxe":3,"minecraft:stone_sword":2,"minecraft:iron_shovel":3,"minecraft:gold_ingot":9,"minecraft:light_gray_dye":2,"minecraft:acacia_planks":24,"minecraft:torch":52},"minecraft:killed_by":{"minecraft:creeper":1,"minecraft:skeleton":1,"minecraft:zombie":1}},"DataVersion":2586}