{"stats":{"minecraft:broken":{"minecraft:iron_shovel":1,"mining_helmet:mining_helmet":1,"minecraft:stone_pickaxe":1,"minecraft:stone_axe":1,"minecraft:iron_sword":1,"minecraft:stone_sword":1,"minecraft:shield":1,"minecraft:iron_axe":2,"minecraft:iron_pickaxe":5},"minecraft:custom":{"minecraft:interact_with_crafting_table":59,"minecraft:leave_game":14,"minecraft:time_since_death":500901,"minecraft:sprint_one_cm":1405535,"minecraft:damage_blocked_by_shield":3595,"minecraft:drop":212,"minecraft:talked_to_villager":50,"minecraft:deaths":4,"minecraft:jump":11257,"minecraft:interact_with_brewingstand":1,"minecraft:walk_on_water_one_cm":201608,"minecraft:enchant_item":14,"minecraft:interact_with_furnace":150,"minecraft:traded_with_villager":15,"minecraft:play_one_minute":769872,"minecraft:sleep_in_bed":8,"minecraft:damage_dealt":51443,"minecraft:crouch_one_cm":226034,"minecraft:interact_with_smoker":1,"minecraft:interact_with_smithing_table":3,"minecraft:mob_kills":362,"minecraft:interact_with_anvil":12,"minecraft:damage_dealt_resisted":95,"minecraft:climb_one_cm":4725,"minecraft:walk_one_cm":1792769,"minecraft:damage_dealt_absorbed":48,"minecraft:sneak_time":75215,"minecraft:walk_under_water_one_cm":58163,"minecraft:interact_with_blast_furnace":1,"minecraft:time_since_rest":292483,"minecraft:damage_taken":10679,"minecraft:swim_one_cm":2190,"minecraft:fly_one_cm":4916806,"minecraft:open_chest":248,"minecraft:fish_caught":3,"minecraft:fall_one_cm":208641},"minecraft:mined":{"minecraft:stone_pressure_plate":2,"minecraft:farmland":7,"minecraft:pink_bed":1,"minecraft:brewing_stand":1,"minecraft:obsidian":30,"minecraft:granite":1,"minecraft:acacia_log":26,"minecraft:grass_block":246,"minecraft:jungle_log":37,"minecraft:cracked_polished_blackstone_bricks":1,"minecraft:composter":1,"minecraft:oak_wall_sign":1,"minecraft:nether_wart":40,"minecraft:oxeye_daisy":5,"minecraft:spawner":2,"minecraft:glowstone":28,"minecraft:iron_ore":407,"minecraft:fire":53,"minecraft:pumpkin":6,"minecraft:enchanting_table":1,"minecraft:tripwire":4,"minecraft:piston_head":1,"minecraft:cut_sandstone":13,"minecraft:blackstone":13,"minecraft:crimson_nylium":1,"minecraft:orange_terracotta":2,"minecraft:torch":4,"minecraft:poppy":2,"minecraft:melon":3,"minecraft:chest":13,"minecraft:dead_bush":12,"minecraft:glass":2,"minecraft:nether_quartz_ore":97,"minecraft:cobblestone":63,"minecraft:sugar_cane":110,"minecraft:oak_planks":4,"minecraft:wall_torch":3,"minecraft:seagrass":1,"minecraft:warped_nylium":4,"minecraft:nether_wart_block":1,"minecraft:birch_log":7,"minecraft:wheat":5,"minecraft:lilac":4,"minecraft:tnt":18,"minecraft:grass":110,"minecraft:oak_log":303,"minecraft:sand":252,"minecraft:birch_button":13,"minecraft:dirt":34,"minecraft:tripwire_hook":2,"minecraft:dispenser":2,"minecraft:netherrack":514,"minecraft:oak_leaves":71,"minecraft:nether_gold_ore":12,"minecraft:diamond_ore":27,"minecraft:mossy_cobblestone":4,"minecraft:nether_bricks":11,"minecraft:crimson_roots":2,"minecraft:weeping_vines":1,"minecraft:redstone_wire":11,"minecraft:spruce_leaves":2,"minecraft:sandstone":12,"minecraft:crimson_stem":132,"minecraft:redstone_ore":21,"minecraft:oak_trapdoor":141,"minecraft:furnace":5,"minecraft:carrots":108,"minecraft:chiseled_sandstone":1,"minecraft:andesite":15,"minecraft:peony":2,"minecraft:gold_block":20,"minecraft:nether_brick_fence":30,"minecraft:bookshelf":8,"minecraft:potatoes":15,"minecraft:shroomlight":1,"minecraft:vine":5,"minecraft:warped_stem":19,"minecraft:bamboo":14,"minecraft:stone":599,"minecraft:acacia_leaves":3,"minecraft:redstone_block":1,"minecraft:soul_sand":25,"minecraft:basalt":43,"minecraft:dandelion":4,"minecraft:crafting_table":6,"minecraft:emerald_ore":7,"minecraft:tall_grass":12,"minecraft:lapis_ore":29,"minecraft:diorite":18,"minecraft:cactus":1,"minecraft:coal_ore":417,"minecraft:cocoa":4,"minecraft:gravel":46,"minecraft:cobweb":24,"minecraft:gold_ore":159,"minecraft:fern":12},"minecraft:used":{"minecraft:iron_shovel":567,"minecraft:oak_sign":6,"minecraft:chest":24,"minecraft:shield":103,"minecraft:iron_sword":1079,"minecraft:soul_campfire":1,"minecraft:carrot":193,"minecraft:acacia_sapling":2,"minecraft:milk_bucket":2,"minecraft:obsidian":18,"minecraft:glass":2354,"minecraft:grass_block":54,"minecraft:bow":92,"minecraft:furnace":10,"minecraft:oak_sapling":20,"minecraft:cooked_cod":1,"minecraft:egg":2,"minecraft:potato":62,"minecraft:stone_pickaxe":167,"minecraft:oak_planks":195,"minecraft:wooden_pickaxe":24,"minecraft:sandstone":11,"minecraft:redstone_block":17,"minecraft:composter":10,"minecraft:sugar_cane":65,"minecraft:lever":2,"minecraft:chiseled_sandstone":1,"minecraft:birch_slab":309,"minecraft:melon_slice":2,"minecraft:bread":35,"minecraft:stone_button":2,"minecraft:oak_pressure_plate":32,"minecraft:gravel":10,"minecraft:soul_lantern":4,"minecraft:stripped_oak_wood":13,"minecraft:smithing_table":1,"minecraft:andesite":3,"minecraft:pink_stained_glass":37,"minecraft:bone_meal":285,"minecraft:oak_fence":32,"minecraft:oak_trapdoor":328,"minecraft:enchanting_table":2,"minecraft:stone_sword":157,"minecraft:flint_and_steel":3,"minecraft:carved_pumpkin":9,"minecraft:tropical_fish":1,"minecraft:netherrack":529,"minecraft:oak_door":20,"minecraft:torch":114,"minecraft:brewing_stand":1,"minecraft:anvil":4,"minecraft:dirt":402,"minecraft:warped_door":3,"minecraft:pink_carpet":52,"minecraft:warped_pressure_plate":4,"minecraft:granite":1,"minecraft:iron_hoe":124,"minecraft:bookshelf":37,"minecraft:iron_block":25,"minecraft:iron_axe":722,"minecraft:oak_stairs":43,"minecraft:pink_stained_glass_pane":2,"minecraft:barrel":1,"minecraft:melon_seeds":18,"minecraft:basalt":41,"minecraft:golden_carrot":4,"minecraft:beef":2,"minecraft:stone_pressure_plate":1,"minecraft:cooked_beef":41,"sophisticatedbackpacks:gold_backpack":2,"minecraft:wheat_seeds":17,"minecraft:cooked_mutton":27,"minecraft:water_bucket":182,"minecraft:birch_planks":1367,"minecraft:oak_slab":8,"minecraft:crafting_table":7,"minecraft:painting":1,"minecraft:piston":12,"minecraft:netherite_block":1,"minecraft:diamond_pickaxe":554,"minecraft:apple":2,"minecraft:oxeye_daisy":2,"minecraft:chicken":1,"minecraft:iron_pickaxe":1889,"minecraft:spruce_trapdoor":1,"minecraft:spruce_sapling":1,"minecraft:stone_axe":139,"minecraft:pink_bed":6,"minecraft:fishing_rod":4,"minecraft:cobblestone":1642,"minecraft:cooked_porkchop":29,"minecraft:bucket":155,"minecraft:dandelion":2,"minecraft:splash_potion":1,"minecraft:birch_stairs":410},"minecraft:dropped":{"minecraft:iron_sword":2,"minecraft:lapis_lazuli":64,"minecraft:cooked_beef":5,"minecraft:birch_slab":1,"minecraft:music_disc_13":1,"minecraft:emerald":5,"minecraft:cracked_polished_blackstone_bricks":1,"minecraft:dirt":28,"minecraft:crimson_roots":2,"minecraft:cut_sandstone":6,"minecraft:snowball":13,"minecraft:iron_pickaxe":1,"minecraft:white_wool":6,"minecraft:gold_ingot":126,"minecraft:bone":11,"minecraft:gravel":78,"minecraft:obsidian":1,"minecraft:rotten_flesh":13,"minecraft:poppy":2,"minecraft:gunpowder":18,"minecraft:beetroot_seeds":37,"minecraft:melon_seeds":1,"minecraft:basalt":3,"minecraft:quartz":16,"minecraft:netherrack":2,"minecraft:wheat_seeds":5,"minecraft:cobblestone":741,"minecraft:granite":4,"minecraft:golden_apple":1,"minecraft:coal":5,"minecraft:diorite":36,"minecraft:torch":1,"minecraft:nether_wart_block":2,"minecraft:brown_wool":1,"minecraft:bucket":1,"minecraft:acacia_planks":17,"minecraft:snow_block":3,"minecraft:furnace":1,"minecraft:stone_sword":1,"minecraft:nether_bricks":2,"minecraft:flint_and_steel":2,"minecraft:potato":21,"minecraft:orange_terracotta":1,"minecraft:spruce_trapdoor":1,"minecraft:diamond_pickaxe":1,"minecraft:andesite":3,"minecraft:oak_sapling":1,"minecraft:stone_pressure_plate":2,"minecraft:bamboo":6,"minecraft:bow":2,"minecraft:stone_pickaxe":1},"minecraft:picked_up":{"minecraft:iron_chestplate":1,"minecraft:redstone_block":1,"minecraft:birch_button":34,"minecraft:string":20,"minecraft:iron_leggings":2,"minecraft:oak_sign":5,"minecraft:bucket":2,"minecraft:iron_pickaxe":1,"minecraft:furnace":4,"minecraft:iron_boots":1,"minecraft:stick":33,"minecraft:torch":54,"minecraft:acacia_log":25,"minecraft:porkchop":42,"minecraft:stone_sword":2,"minecraft:cactus":4,"minecraft:rotten_flesh":58,"minecraft:tropical_fish":1,"minecraft:obsidian":2,"minecraft:cod":2,"minecraft:cobblestone":577,"minecraft:birch_log":7,"minecraft:cooked_beef":15,"minecraft:feather":7,"minecraft:lilac":4,"minecraft:water_bucket":1,"minecraft:andesite":16,"minecraft:brown_wool":3,"minecraft:potato":49,"minecraft:flint":1,"minecraft:lapis_lazuli":88,"minecraft:dirt":549,"minecraft:bone":21,"minecraft:glass":63,"minecraft:bow":2,"minecraft:wheat_seeds":33,"minecraft:oak_planks":143,"minecraft:cooked_porkchop":17,"minecraft:sand":242,"minecraft:chiseled_sandstone":1,"minecraft:diamond":3,"minecraft:granite":1,"minecraft:bone_meal":20,"minecraft:emerald":5,"minecraft:oak_sapling":24,"minecraft:netherrack":9,"minecraft:fishing_rod":3,"minecraft:crafting_table":3,"minecraft:azure_bluet":6,"minecraft:chicken":6,"minecraft:gold_block":9,"minecraft:shield":2,"minecraft:oak_trapdoor":61,"minecraft:iron_axe":1,"minecraft:iron_shovel":2,"minecraft:beef":35,"minecraft:poppy":2,"minecraft:light_gray_wool":2,"minecraft:sugar_cane":130,"minecraft:piston":1,"minecraft:spruce_trapdoor":1,"minecraft:egg":3,"minecraft:sandstone":11,"minecraft:fire_charge":1,"minecraft:carrot":61,"minecraft:redstone":91,"minecraft:stone_pressure_plate":3,"minecraft:tnt":9,"minecraft:arrow":22,"minecraft:peony":2,"minecraft:hay_block":2,"minecraft:gold_ingot":45,"minecraft:mutton":25,"minecraft:white_wool":14,"minecraft:oxeye_daisy":5,"minecraft:air":0,"minecraft:cut_sandstone":6,"minecraft:leather":13,"minecraft:oak_log":302,"minecraft:gunpowder":4,"minecraft:orange_terracotta":1,"minecraft:cooked_mutton":6,"minecraft:apple":2,"minecraft:iron_ingot":42,"minecraft:stone_pickaxe":2,"minecraft:iron_ore":159,"minecraft:soul_sand":6,"minecraft:acacia_sapling":3,"minecraft:iron_sword":4,"minecraft:pink_bed":1,"minecraft:quartz":10,"minecraft:dandelion":7,"minecraft:gravel":56,"minecraft:spruce_sapling":1,"minecraft:white_bed":1,"minecraft:gold_ore":27,"minecraft:crying_obsidian":4,"minecraft:spider_eye":11,"minecraft:slime_ball":20,"minecraft:stone_axe":2,"minecraft:iron_helmet":1,"minecraft:coal":366,"minecraft:ender_pearl":5},"minecraft:killed":{"minecraft:witch":2,"minecraft:spider":15,"minecraft:skeleton":53,"minecraft:chicken":6,"minecraft:magma_cube":29,"minecraft:piglin":4,"minecraft:pig":21,"minecraft:zombie_villager":1,"minecraft:creeper":7,"minecraft:sheep":20,"minecraft:zombie":58,"minecraft:blaze":75,"minecraft:cow":19,"minecraft:slime":12,"minecraft:drowned":1,"minecraft:husk":5,"minecraft:wither_skeleton":5,"minecraft:enderman":7},"minecraft:crafted":{"minecraft:oak_planks":388,"minecraft:oak_sign":3,"minecraft:pink_bed":1,"sophisticatedbackpacks:magnet_upgrade":1,"minecraft:bookshelf":3,"minecraft:cooked_mutton":13,"minecraft:glass":274,"minecraft:iron_boots":1,"minecraft:bow":2,"minecraft:melon_seeds":15,"minecraft:chest":5,"minecraft:magenta_dye":2,"sophisticatedbackpacks:backpack":4,"minecraft:emerald":14,"minecraft:cooked_porkchop":22,"minecraft:crafting_table":3,"minecraft:wooden_pickaxe":1,"minecraft:iron_helmet":1,"minecraft:sticky_piston":1,"minecraft:birch_planks":28,"sophisticatedbackpacks:upgrade_base":2,"mining_helmet:mining_helmet":1,"minecraft:diamond_pickaxe":1,"minecraft:shield":1,"minecraft:stick":68,"minecraft:iron_ingot":126,"minecraft:iron_pickaxe":6,"minecraft:iron_block":3,"minecraft:stone_sword":2,"minecraft:gold_ingot":61,"minecraft:light_gray_dye":2,"minecraft:fishing_rod":1,"minecraft:iron_nugget":9,"minecraft:furnace":7,"minecraft:piston":1,"minecraft:bone_meal":93,"minecraft:pink_dye":4,"minecraft:oak_trapdoor":4,"minecraft:lantern":1,"minecraft:iron_axe":3,"minecraft:stone_pickaxe":3,"sophisticatedbackpacks:iron_backpack":1,"minecraft:cooked_beef":48,"minecraft:red_dye":1,"minecraft:cooked_cod":1,"minecraft:enchanting_table":1,"minecraft:iron_sword":1,"sophisticatedbackpacks:gold_backpack":1,"minecraft:stone_axe":1,"minecraft:enchanted_book":1,"minecraft:air":0,"sophisticatedbackpacks:pickup_upgrade":1,"minecraft:white_wool":1,"minecraft:iron_shovel":3,"minecraft:anvil":1,"minecraft:acacia_planks":24,"minecraft:torch":88},"minecraft:killed_by":{"minecraft:creeper":2,"minecraft:zombie":1,"minecraft:skeleton":1}},"DataVersion":2586}