{"stats":{"minecraft:crafted":{"minecraft:oak_planks":388,"minecraft:oak_sign":3,"minecraft:fishing_rod":1,"minecraft:iron_nugget":9,"minecraft:pink_bed":1,"sophisticatedbackpacks:magnet_upgrade":1,"minecraft:furnace":7,"minecraft:piston":1,"minecraft:bone_meal":93,"minecraft:bookshelf":3,"minecraft:pink_dye":4,"minecraft:oak_trapdoor":4,"minecraft:glass":274,"minecraft:lantern":1,"minecraft:bow":2,"minecraft:iron_boots":1,"minecraft:iron_axe":3,"minecraft:stone_pickaxe":3,"minecraft:chest":5,"minecraft:magenta_dye":2,"sophisticatedbackpacks:iron_backpack":1,"minecraft:cooked_beef":30,"minecraft:red_dye":1,"minecraft:cooked_cod":1,"minecraft:emerald":12,"sophisticatedbackpacks:backpack":4,"minecraft:cooked_porkchop":22,"minecraft:crafting_table":3,"minecraft:enchanting_table":1,"minecraft:wooden_pickaxe":1,"minecraft:iron_helmet":1,"minecraft:iron_sword":1,"minecraft:sticky_piston":1,"sophisticatedbackpacks:gold_backpack":1,"minecraft:birch_planks":28,"minecraft:stone_axe":1,"sophisticatedbackpacks:upgrade_base":2,"minecraft:enchanted_book":1,"minecraft:air":0,"sophisticatedbackpacks:pickup_upgrade":1,"minecraft:white_wool":1,"mining_helmet:mining_helmet":1,"minecraft:diamond_pickaxe":1,"minecraft:shield":1,"minecraft:stick":68,"minecraft:iron_ingot":126,"minecraft:iron_pickaxe":6,"minecraft:stone_sword":2,"minecraft:iron_shovel":3,"minecraft:gold_ingot":61,"minecraft:light_gray_dye":2,"minecraft:acacia_planks":24,"minecraft:torch":88},"minecraft:mined":{"minecraft:nether_gold_ore":1,"minecraft:diamond_ore":11,"minecraft:stone_pressure_plate":2,"minecraft:farmland":7,"minecraft:pink_bed":1,"minecraft:mossy_cobblestone":4,"minecraft:brewing_stand":1,"minecraft:obsidian":25,"minecraft:acacia_log":26,"minecraft:grass_block":223,"minecraft:jungle_log":37,"minecraft:redstone_wire":11,"minecraft:spruce_leaves":2,"minecraft:oxeye_daisy":5,"minecraft:oak_wall_sign":1,"minecraft:sandstone":12,"minecraft:redstone_ore":12,"minecraft:glowstone":18,"minecraft:furnace":5,"minecraft:carrots":108,"minecraft:iron_ore":227,"minecraft:fire":3,"minecraft:chiseled_sandstone":1,"minecraft:andesite":10,"minecraft:pumpkin":6,"minecraft:enchanting_table":1,"minecraft:peony":2,"minecraft:gold_block":4,"minecraft:bookshelf":4,"minecraft:potatoes":14,"minecraft:vine":5,"minecraft:bamboo":14,"minecraft:stone":494,"minecraft:tripwire":4,"minecraft:cut_sandstone":13,"minecraft:acacia_leaves":3,"minecraft:soul_sand":25,"minecraft:blackstone":4,"minecraft:basalt":41,"minecraft:orange_terracotta":2,"minecraft:dandelion":4,"minecraft:crafting_table":6,"minecraft:torch":3,"minecraft:emerald_ore":5,"minecraft:poppy":2,"minecraft:melon":3,"minecraft:chest":8,"minecraft:dead_bush":12,"minecraft:tall_grass":11,"minecraft:glass":1,"minecraft:cobblestone":57,"minecraft:lapis_ore":19,"minecraft:oak_planks":4,"minecraft:sugar_cane":51,"minecraft:wall_torch":3,"minecraft:seagrass":1,"minecraft:cactus":1,"minecraft:birch_log":7,"minecraft:wheat":5,"minecraft:lilac":4,"minecraft:tnt":18,"minecraft:grass":106,"minecraft:coal_ore":290,"minecraft:oak_log":303,"minecraft:cocoa":4,"minecraft:birch_button":13,"minecraft:gravel":12,"minecraft:sand":252,"minecraft:dirt":30,"minecraft:tripwire_hook":2,"minecraft:dispenser":2,"minecraft:netherrack":28,"minecraft:gold_ore":72,"minecraft:oak_leaves":68,"minecraft:fern":12},"minecraft:custom":{"minecraft:interact_with_smithing_table":1,"minecraft:mob_kills":198,"minecraft:interact_with_crafting_table":56,"minecraft:leave_game":9,"minecraft:time_since_death":171777,"minecraft:climb_one_cm":3649,"minecraft:sprint_one_cm":830691,"minecraft:walk_one_cm":1100038,"minecraft:damage_blocked_by_shield":1520,"minecraft:drop":61,"minecraft:talked_to_villager":34,"minecraft:sneak_time":39759,"minecraft:deaths":4,"minecraft:walk_under_water_one_cm":17446,"minecraft:interact_with_brewingstand":1,"minecraft:jump":6548,"minecraft:enchant_item":3,"minecraft:interact_with_blast_furnace":1,"minecraft:walk_on_water_one_cm":69335,"minecraft:interact_with_furnace":132,"minecraft:traded_with_villager":13,"minecraft:play_one_minute":440748,"minecraft:sleep_in_bed":6,"minecraft:time_since_rest":78869,"minecraft:damage_taken":5215,"minecraft:damage_dealt":24217,"minecraft:swim_one_cm":2055,"minecraft:fly_one_cm":2507768,"minecraft:open_chest":183,"minecraft:crouch_one_cm":120526,"minecraft:fish_caught":3,"minecraft:interact_with_smoker":1,"minecraft:fall_one_cm":134369},"minecraft:used":{"minecraft:oak_fence":32,"minecraft:enchanting_table":1,"minecraft:stone_sword":157,"minecraft:iron_shovel":516,"minecraft:flint_and_steel":1,"minecraft:tropical_fish":1,"minecraft:carved_pumpkin":9,"minecraft:oak_sign":6,"minecraft:chest":8,"minecraft:shield":41,"minecraft:iron_sword":426,"minecraft:netherrack":30,"minecraft:oak_door":20,"minecraft:torch":109,"minecraft:brewing_stand":1,"minecraft:dirt":397,"minecraft:carrot":193,"minecraft:granite":1,"minecraft:acacia_sapling":2,"minecraft:obsidian":13,"minecraft:glass":2151,"minecraft:iron_hoe":105,"minecraft:iron_block":25,"minecraft:iron_axe":398,"minecraft:grass_block":54,"minecraft:oak_stairs":43,"minecraft:basalt":12,"minecraft:beef":2,"minecraft:bow":14,"minecraft:oak_sapling":20,"minecraft:furnace":9,"minecraft:cooked_cod":1,"minecraft:egg":2,"minecraft:stone_pressure_plate":1,"minecraft:cooked_beef":26,"minecraft:potato":51,"minecraft:cooked_mutton":8,"minecraft:water_bucket":95,"minecraft:wheat_seeds":17,"minecraft:stone_pickaxe":167,"minecraft:oak_planks":195,"minecraft:wooden_pickaxe":24,"minecraft:sandstone":11,"minecraft:sugar_cane":65,"minecraft:oak_slab":8,"minecraft:crafting_table":6,"minecraft:netherite_block":1,"minecraft:lever":2,"minecraft:diamond_pickaxe":27,"minecraft:apple":2,"minecraft:oxeye_daisy":2,"minecraft:chiseled_sandstone":1,"minecraft:chicken":1,"minecraft:iron_pickaxe":1169,"minecraft:stone_button":2,"minecraft:bread":16,"minecraft:oak_pressure_plate":32,"minecraft:gravel":10,"minecraft:spruce_sapling":1,"minecraft:stone_axe":139,"minecraft:pink_bed":2,"minecraft:fishing_rod":4,"minecraft:cobblestone":1586,"minecraft:stripped_oak_wood":9,"minecraft:cooked_porkchop":14,"minecraft:andesite":3,"minecraft:bucket":96,"minecraft:dandelion":2,"minecraft:bone_meal":285},"minecraft:broken":{"minecraft:iron_shovel":1,"minecraft:stone_sword":1,"minecraft:stone_pickaxe":1,"minecraft:iron_axe":1,"minecraft:stone_axe":1,"minecraft:iron_sword":1,"minecraft:iron_pickaxe":4},"minecraft:dropped":{"minecraft:iron_sword":1,"minecraft:wheat_seeds":5,"minecraft:cooked_beef":5,"minecraft:cobblestone":741,"minecraft:coal":5,"minecraft:golden_apple":1,"minecraft:emerald":5,"minecraft:music_disc_13":1,"minecraft:dirt":28,"minecraft:brown_wool":1,"minecraft:cut_sandstone":6,"minecraft:snowball":13,"minecraft:iron_pickaxe":1,"minecraft:white_wool":6,"minecraft:bucket":1,"minecraft:acacia_planks":17,"minecraft:gold_ingot":11,"minecraft:bone":11,"minecraft:snow_block":3,"minecraft:furnace":1,"minecraft:stone_sword":1,"minecraft:rotten_flesh":13,"minecraft:poppy":1,"minecraft:potato":21,"minecraft:gunpowder":18,"minecraft:orange_terracotta":1,"minecraft:beetroot_seeds":37,"minecraft:stone_pressure_plate":2,"minecraft:bamboo":6,"minecraft:bow":2,"minecraft:stone_pickaxe":1},"minecraft:killed_by":{"minecraft:creeper":2,"minecraft:skeleton":1,"minecraft:zombie":1},"minecraft:killed":{"minecraft:spider":14,"minecraft:slime":12,"minecraft:skeleton":28,"minecraft:chicken":6,"minecraft:drowned":1,"minecraft:magma_cube":28,"minecraft:husk":5,"minecraft:pig":21,"minecraft:creeper":4,"minecraft:sheep":20,"minecraft:zombie":35,"minecraft:enderman":1,"minecraft:cow":19},"minecraft:picked_up":{"minecraft:fishing_rod":3,"minecraft:iron_chestplate":1,"minecraft:crafting_table":3,"minecraft:azure_bluet":6,"minecraft:chicken":6,"minecraft:gold_block":3,"minecraft:birch_button":34,"minecraft:shield":2,"minecraft:string":20,"minecraft:oak_trapdoor":4,"minecraft:iron_axe":1,"minecraft:iron_leggings":2,"minecraft:iron_shovel":2,"minecraft:oak_sign":5,"minecraft:bucket":2,"minecraft:beef":35,"minecraft:poppy":2,"minecraft:iron_pickaxe":1,"minecraft:light_gray_wool":2,"minecraft:sugar_cane":130,"minecraft:furnace":4,"minecraft:iron_boots":1,"minecraft:egg":3,"minecraft:stick":33,"minecraft:sandstone":11,"minecraft:torch":54,"minecraft:acacia_log":25,"minecraft:porkchop":42,"minecraft:carrot":61,"minecraft:redstone":88,"minecraft:stone_pressure_plate":3,"minecraft:tnt":9,"minecraft:stone_sword":1,"minecraft:arrow":22,"minecraft:cactus":4,"minecraft:rotten_flesh":58,"minecraft:tropical_fish":1,"minecraft:peony":2,"minecraft:hay_block":2,"minecraft:oxeye_daisy":5,"minecraft:mutton":25,"minecraft:cod":2,"minecraft:white_wool":14,"minecraft:cobblestone":555,"minecraft:birch_log":7,"minecraft:lilac":4,"minecraft:air":0,"minecraft:feather":7,"minecraft:cooked_beef":15,"minecraft:water_bucket":1,"minecraft:andesite":16,"minecraft:brown_wool":3,"minecraft:cut_sandstone":6,"minecraft:leather":13,"minecraft:potato":49,"minecraft:flint":1,"minecraft:oak_log":302,"minecraft:gunpowder":4,"minecraft:lapis_lazuli":83,"minecraft:dirt":549,"minecraft:orange_terracotta":1,"minecraft:cooked_mutton":6,"minecraft:glass":63,"minecraft:bone":21,"minecraft:apple":2,"minecraft:bow":1,"minecraft:wheat_seeds":33,"minecraft:iron_ingot":42,"minecraft:stone_pickaxe":2,"minecraft:iron_ore":116,"minecraft:iron_sword":4,"minecraft:oak_planks":143,"minecraft:acacia_sapling":3,"minecraft:pink_bed":1,"minecraft:cooked_porkchop":17,"minecraft:dandelion":7,"minecraft:gravel":21,"minecraft:sand":242,"minecraft:spruce_sapling":1,"minecraft:white_bed":1,"minecraft:gold_ore":18,"minecraft:chiseled_sandstone":1,"minecraft:spider_eye":10,"minecraft:slime_ball":20,"minecraft:diamond":3,"minecraft:stone_axe":2,"minecraft:iron_helmet":1,"minecraft:granite":1,"minecraft:bone_meal":20,"minecraft:emerald":5,"minecraft:oak_sapling":24,"minecraft:coal":335}},"DataVersion":2586}