{"stats":{"minecraft:dropped":{"minecraft:iron_sword":2,"minecraft:diamond_axe":1,"minecraft:lapis_lazuli":64,"minecraft:cooked_beef":5,"minecraft:oak_log":64,"minecraft:crossbow":1,"minecraft:rail":11,"minecraft:birch_slab":1,"minecraft:music_disc_13":1,"minecraft:emerald":5,"minecraft:cracked_polished_blackstone_bricks":1,"minecraft:dirt":28,"minecraft:crimson_roots":2,"minecraft:cut_sandstone":6,"minecraft:snowball":13,"minecraft:iron_pickaxe":1,"minecraft:white_wool":6,"minecraft:gold_ingot":126,"minecraft:bone":11,"minecraft:gravel":78,"minecraft:obsidian":1,"minecraft:rotten_flesh":13,"minecraft:nether_brick_fence":27,"minecraft:poppy":3,"minecraft:gunpowder":18,"minecraft:beetroot_seeds":37,"minecraft:melon_seeds":3,"minecraft:basalt":3,"minecraft:quartz":48,"minecraft:netherrack":2,"minecraft:wheat_seeds":6,"minecraft:cobblestone":753,"minecraft:book":72,"minecraft:granite":6,"minecraft:coal":5,"minecraft:golden_apple":1,"minecraft:diorite":36,"minecraft:torch":2,"minecraft:nether_wart_block":2,"minecraft:brown_wool":1,"minecraft:bucket":1,"minecraft:acacia_planks":17,"minecraft:snow_block":3,"minecraft:furnace":1,"minecraft:oak_trapdoor":2,"minecraft:stone_sword":1,"minecraft:nether_bricks":2,"minecraft:flint_and_steel":2,"minecraft:diamond_sword":1,"minecraft:potato":21,"minecraft:orange_terracotta":1,"minecraft:spruce_trapdoor":1,"minecraft:diamond_pickaxe":3,"minecraft:andesite":3,"minecraft:oak_sapling":1,"minecraft:stone_pressure_plate":2,"minecraft:spider_eye":1,"minecraft:bamboo":6,"minecraft:diamond_boots":2,"minecraft:bow":5,"minecraft:stone_pickaxe":1},"minecraft:picked_up":{"minecraft:iron_chestplate":1,"minecraft:redstone_block":11,"minecraft:enchanted_book":1,"minecraft:birch_button":34,"minecraft:string":20,"minecraft:iron_leggings":2,"minecraft:oak_sign":5,"minecraft:bucket":2,"minecraft:iron_pickaxe":1,"minecraft:furnace":4,"minecraft:iron_boots":1,"minecraft:stick":34,"minecraft:composter":11,"minecraft:torch":54,"minecraft:acacia_log":25,"minecraft:porkchop":42,"minecraft:stone_sword":2,"minecraft:cactus":4,"minecraft:rotten_flesh":58,"minecraft:tropical_fish":1,"minecraft:obsidian":2,"minecraft:cod":5,"minecraft:cobblestone":1097,"minecraft:enchanting_table":1,"minecraft:birch_log":7,"minecraft:cooked_beef":15,"minecraft:feather":7,"minecraft:lilac":4,"minecraft:water_bucket":1,"minecraft:andesite":27,"minecraft:brown_wool":3,"minecraft:potato":49,"minecraft:flint":1,"minecraft:lapis_lazuli":88,"minecraft:dirt":549,"minecraft:lantern":2,"minecraft:bone":21,"minecraft:glass":63,"minecraft:bow":2,"minecraft:wheat_seeds":33,"minecraft:oak_planks":143,"minecraft:cooked_porkchop":17,"minecraft:sand":242,"minecraft:chiseled_sandstone":1,"minecraft:yellow_carpet":1,"minecraft:sugar":1,"minecraft:diamond":71,"minecraft:granite":1,"minecraft:bone_meal":20,"minecraft:emerald":5,"minecraft:oak_sapling":24,"minecraft:netherrack":9,"minecraft:fishing_rod":3,"minecraft:crafting_table":3,"minecraft:azure_bluet":6,"minecraft:chicken":6,"minecraft:gold_block":9,"minecraft:shield":2,"minecraft:oak_trapdoor":61,"minecraft:iron_axe":1,"minecraft:iron_shovel":2,"minecraft:beef":36,"minecraft:poppy":2,"minecraft:light_gray_wool":2,"minecraft:sugar_cane":130,"minecraft:piston":11,"minecraft:spruce_trapdoor":1,"minecraft:egg":3,"minecraft:sandstone":11,"minecraft:fire_charge":1,"minecraft:carrot":61,"minecraft:redstone":96,"minecraft:stone_pressure_plate":3,"minecraft:tnt":9,"minecraft:arrow":22,"minecraft:peony":2,"minecraft:hay_block":2,"minecraft:gold_ingot":45,"minecraft:mutton":25,"minecraft:white_wool":14,"minecraft:oxeye_daisy":5,"minecraft:air":0,"minecraft:cut_sandstone":6,"minecraft:leather":15,"minecraft:oak_log":322,"minecraft:gunpowder":4,"minecraft:orange_terracotta":1,"minecraft:cooked_mutton":6,"minecraft:red_carpet":13,"minecraft:apple":2,"minecraft:iron_ingot":42,"minecraft:stone_pickaxe":2,"minecraft:iron_ore":174,"minecraft:soul_sand":6,"minecraft:iron_sword":4,"minecraft:acacia_sapling":3,"minecraft:book":18,"minecraft:pink_bed":1,"minecraft:quartz":10,"minecraft:dandelion":7,"minecraft:gravel":56,"minecraft:spruce_sapling":1,"minecraft:white_bed":1,"minecraft:gold_ore":27,"minecraft:crying_obsidian":4,"minecraft:spider_eye":11,"minecraft:leather_helmet":1,"minecraft:slime_ball":20,"minecraft:stone_axe":2,"minecraft:iron_helmet":1,"minecraft:coal":366,"minecraft:ender_pearl":5},"minecraft:killed":{"minecraft:witch":4,"minecraft:spider":19,"minecraft:skeleton":82,"minecraft:chicken":6,"minecraft:magma_cube":29,"minecraft:piglin":4,"minecraft:pig":24,"minecraft:zombie_villager":1,"minecraft:creeper":8,"minecraft:sheep":20,"minecraft:zombie":125,"minecraft:blaze":75,"minecraft:cow":22,"minecraft:slime":12,"minecraft:drowned":1,"minecraft:husk":5,"minecraft:wither_skeleton":5,"minecraft:enderman":7},"minecraft:mined":{"minecraft:stone_pressure_plate":2,"minecraft:farmland":7,"minecraft:pink_bed":1,"minecraft:brewing_stand":1,"minecraft:obsidian":30,"minecraft:granite":49,"minecraft:acacia_log":26,"minecraft:grass_block":250,"minecraft:jungle_log":37,"minecraft:cracked_polished_blackstone_bricks":1,"minecraft:composter":13,"minecraft:nether_wart":40,"minecraft:oak_wall_sign":1,"minecraft:oxeye_daisy":5,"minecraft:spawner":2,"minecraft:glowstone":28,"minecraft:iron_ore":477,"minecraft:fire":53,"minecraft:pumpkin":6,"minecraft:enchanting_table":2,"minecraft:oak_sign":1,"minecraft:tripwire":4,"minecraft:piston_head":12,"minecraft:cut_sandstone":13,"minecraft:blackstone":13,"minecraft:crimson_nylium":1,"minecraft:orange_terracotta":2,"minecraft:torch":8,"minecraft:poppy":2,"minecraft:melon":18,"minecraft:chest":18,"minecraft:dead_bush":12,"minecraft:nether_quartz_ore":97,"minecraft:glass":2,"minecraft:cobblestone":71,"minecraft:sugar_cane":171,"minecraft:oak_planks":4,"minecraft:wall_torch":13,"minecraft:seagrass":1,"minecraft:warped_nylium":4,"minecraft:nether_wart_block":1,"minecraft:birch_log":7,"minecraft:wheat":35,"minecraft:lilac":4,"minecraft:tnt":18,"minecraft:grass":112,"minecraft:oak_log":369,"minecraft:sand":252,"minecraft:birch_button":13,"minecraft:dirt":42,"minecraft:tripwire_hook":2,"minecraft:dispenser":2,"minecraft:netherrack":514,"minecraft:piston":1,"minecraft:oak_leaves":89,"minecraft:nether_gold_ore":12,"minecraft:diamond_ore":166,"minecraft:red_carpet":8,"minecraft:mossy_cobblestone":5,"minecraft:nether_bricks":11,"minecraft:crimson_roots":2,"minecraft:weeping_vines":1,"minecraft:redstone_wire":11,"minecraft:spruce_leaves":2,"minecraft:sandstone":12,"minecraft:crimson_stem":132,"minecraft:redstone_ore":24,"minecraft:oak_trapdoor":141,"minecraft:furnace":5,"minecraft:carrots":126,"minecraft:chiseled_sandstone":1,"minecraft:andesite":103,"minecraft:peony":2,"minecraft:gold_block":20,"minecraft:nether_brick_fence":30,"minecraft:bookshelf":23,"minecraft:potatoes":15,"minecraft:shroomlight":1,"minecraft:vine":5,"minecraft:lantern":2,"minecraft:warped_stem":19,"minecraft:bamboo":14,"minecraft:stone":1534,"minecraft:acacia_leaves":3,"minecraft:redstone_block":12,"minecraft:soul_sand":25,"minecraft:basalt":43,"minecraft:dandelion":4,"minecraft:crafting_table":6,"minecraft:emerald_ore":13,"minecraft:tall_grass":12,"minecraft:lapis_ore":31,"minecraft:diorite":47,"minecraft:cactus":1,"minecraft:coal_ore":427,"minecraft:cocoa":4,"minecraft:gravel":77,"minecraft:cobweb":25,"minecraft:gold_ore":174,"minecraft:fern":12},"minecraft:killed_by":{"minecraft:creeper":2,"minecraft:zombie":1,"minecraft:skeleton":2},"minecraft:broken":{"minecraft:iron_shovel":1,"mining_helmet:mining_helmet":2,"minecraft:stone_pickaxe":1,"minecraft:stone_axe":1,"minecraft:iron_sword":1,"minecraft:stone_sword":1,"minecraft:shield":2,"minecraft:iron_axe":2,"minecraft:iron_pickaxe":5},"minecraft:used":{"minecraft:iron_shovel":575,"minecraft:oak_sign":6,"minecraft:chest":26,"minecraft:shield":154,"minecraft:iron_sword":1413,"minecraft:soul_campfire":1,"minecraft:carrot":211,"minecraft:acacia_sapling":2,"minecraft:obsidian":18,"minecraft:milk_bucket":2,"minecraft:glass":2354,"minecraft:grass_block":54,"minecraft:red_carpet":8,"minecraft:bow":109,"minecraft:oak_sapling":32,"minecraft:furnace":10,"minecraft:cooked_cod":1,"minecraft:egg":2,"minecraft:potato":62,"minecraft:stone_pickaxe":167,"minecraft:oak_planks":195,"minecraft:wooden_pickaxe":24,"minecraft:sandstone":11,"minecraft:composter":26,"minecraft:redstone_block":32,"minecraft:sugar_cane":65,"minecraft:lever":2,"minecraft:chiseled_sandstone":1,"minecraft:birch_slab":309,"minecraft:melon_slice":2,"minecraft:bread":35,"minecraft:stone_button":2,"minecraft:oak_pressure_plate":32,"minecraft:gravel":10,"minecraft:soul_lantern":4,"minecraft:diamond_sword":1,"minecraft:stripped_oak_wood":13,"minecraft:smithing_table":1,"minecraft:andesite":3,"minecraft:pink_stained_glass":38,"minecraft:bone_meal":285,"minecraft:experience_bottle":386,"minecraft:oak_fence":32,"minecraft:oak_trapdoor":328,"minecraft:enchanting_table":3,"minecraft:stone_sword":157,"minecraft:flint_and_steel":3,"minecraft:carved_pumpkin":9,"minecraft:tropical_fish":1,"minecraft:netherrack":529,"minecraft:oak_door":20,"minecraft:torch":122,"minecraft:brewing_stand":1,"minecraft:anvil":4,"minecraft:dirt":403,"minecraft:warped_door":3,"minecraft:pink_carpet":52,"minecraft:granite":1,"minecraft:warped_pressure_plate":4,"minecraft:iron_hoe":162,"minecraft:bookshelf":57,"minecraft:iron_block":25,"minecraft:iron_axe":867,"minecraft:oak_stairs":43,"minecraft:pink_stained_glass_pane":2,"minecraft:melon_seeds":18,"minecraft:barrel":1,"minecraft:basalt":41,"minecraft:golden_carrot":4,"minecraft:beef":2,"minecraft:stone_pressure_plate":1,"minecraft:cooked_beef":41,"sophisticatedbackpacks:gold_backpack":2,"minecraft:wheat_seeds":53,"minecraft:cooked_mutton":60,"minecraft:water_bucket":204,"minecraft:birch_planks":1367,"minecraft:oak_slab":8,"minecraft:crafting_table":7,"minecraft:painting":1,"minecraft:piston":32,"minecraft:netherite_block":1,"minecraft:diamond_pickaxe":1785,"minecraft:apple":2,"minecraft:oxeye_daisy":2,"minecraft:chicken":1,"minecraft:iron_pickaxe":2061,"minecraft:spruce_trapdoor":1,"minecraft:spruce_sapling":1,"minecraft:stone_axe":139,"minecraft:pink_bed":6,"minecraft:fishing_rod":25,"minecraft:cobblestone":1705,"minecraft:cooked_porkchop":29,"minecraft:bucket":177,"minecraft:dandelion":2,"minecraft:splash_potion":1,"minecraft:birch_stairs":410},"minecraft:custom":{"minecraft:interact_with_crafting_table":78,"minecraft:leave_game":19,"minecraft:time_since_death":70741,"minecraft:sprint_one_cm":1787066,"minecraft:damage_blocked_by_shield":4955,"minecraft:drop":238,"minecraft:talked_to_villager":54,"minecraft:deaths":5,"minecraft:jump":13776,"minecraft:interact_with_brewingstand":2,"minecraft:walk_on_water_one_cm":242612,"minecraft:enchant_item":24,"minecraft:interact_with_furnace":150,"minecraft:traded_with_villager":22,"minecraft:play_one_minute":944879,"minecraft:sleep_in_bed":10,"minecraft:damage_dealt":71950,"minecraft:crouch_one_cm":261107,"minecraft:interact_with_smoker":1,"minecraft:interact_with_smithing_table":4,"minecraft:mob_kills":474,"minecraft:interact_with_anvil":14,"minecraft:damage_dealt_resisted":265,"minecraft:climb_one_cm":9217,"minecraft:walk_one_cm":2203230,"minecraft:damage_dealt_absorbed":48,"minecraft:sneak_time":87151,"minecraft:walk_under_water_one_cm":71101,"minecraft:interact_with_blast_furnace":1,"minecraft:interact_with_grindstone":1,"minecraft:time_since_rest":19564,"minecraft:damage_taken":12789,"minecraft:swim_one_cm":2190,"minecraft:fly_one_cm":5316669,"minecraft:open_chest":394,"minecraft:fish_caught":16,"minecraft:fall_one_cm":240719},"minecraft:crafted":{"minecraft:oak_planks":416,"minecraft:oak_sign":3,"minecraft:pink_bed":1,"sophisticatedbackpacks:magnet_upgrade":1,"minecraft:bookshelf":23,"minecraft:cooked_mutton":13,"minecraft:glass":274,"minecraft:bow":2,"minecraft:diamond_leggings":1,"minecraft:iron_boots":1,"minecraft:melon_seeds":15,"minecraft:chest":5,"minecraft:magenta_dye":2,"sophisticatedbackpacks:backpack":4,"minecraft:emerald":20,"minecraft:cooked_porkchop":22,"minecraft:diamond_axe":1,"minecraft:crafting_table":3,"minecraft:spruce_planks":100,"minecraft:wooden_pickaxe":1,"minecraft:iron_helmet":1,"minecraft:sticky_piston":1,"minecraft:birch_planks":28,"sophisticatedbackpacks:upgrade_base":2,"minecraft:book":7,"minecraft:paper":63,"mining_helmet:mining_helmet":1,"minecraft:diamond_pickaxe":2,"minecraft:shield":1,"minecraft:stick":76,"minecraft:iron_ingot":126,"minecraft:iron_pickaxe":7,"minecraft:iron_block":3,"minecraft:stone_sword":2,"minecraft:gold_ingot":61,"xpbook:xp_tome":1,"minecraft:light_gray_dye":2,"minecraft:redstone":2,"minecraft:fishing_rod":1,"minecraft:iron_nugget":9,"minecraft:furnace":7,"minecraft:piston":1,"minecraft:bone_meal":93,"minecraft:pink_dye":4,"minecraft:oak_trapdoor":4,"minecraft:lantern":1,"minecraft:iron_axe":3,"minecraft:stone_pickaxe":3,"minecraft:diamond_boots":3,"sophisticatedbackpacks:iron_backpack":1,"minecraft:cooked_beef":48,"minecraft:red_dye":1,"minecraft:cooked_cod":1,"minecraft:diamond_sword":2,"minecraft:enchanting_table":1,"minecraft:iron_sword":1,"sophisticatedbackpacks:gold_backpack":1,"minecraft:stone_axe":1,"minecraft:enchanted_book":1,"minecraft:air":0,"sophisticatedbackpacks:pickup_upgrade":1,"minecraft:white_wool":1,"minecraft:iron_shovel":3,"minecraft:anvil":1,"minecraft:acacia_planks":24,"minecraft:torch":88,"minecraft:diamond_chestplate":1}},"DataVersion":2586}