{"stats":{"minecraft:mined":{"minecraft:diamond_ore":3,"minecraft:stone_pressure_plate":1,"minecraft:pink_bed":1,"minecraft:acacia_log":26,"minecraft:grass_block":112,"minecraft:oak_wall_sign":1,"minecraft:oxeye_daisy":5,"minecraft:sandstone":11,"minecraft:redstone_ore":6,"minecraft:furnace":3,"minecraft:carrots":2,"minecraft:iron_ore":88,"minecraft:chiseled_sandstone":1,"minecraft:andesite":8,"minecraft:peony":2,"minecraft:gold_block":3,"minecraft:potatoes":1,"minecraft:stone":460,"minecraft:cut_sandstone":7,"minecraft:acacia_leaves":3,"minecraft:orange_terracotta":1,"minecraft:dandelion":4,"minecraft:crafting_table":3,"minecraft:torch":3,"minecraft:emerald_ore":5,"minecraft:poppy":2,"minecraft:dead_bush":12,"minecraft:glass":1,"minecraft:tall_grass":6,"minecraft:cobblestone":42,"minecraft:lapis_ore":12,"minecraft:sugar_cane":46,"minecraft:wall_torch":1,"minecraft:cactus":1,"minecraft:birch_log":7,"minecraft:lilac":4,"minecraft:tnt":9,"minecraft:grass":49,"minecraft:oak_log":303,"minecraft:coal_ore":199,"minecraft:birch_button":13,"minecraft:sand":252,"minecraft:gravel":12,"minecraft:dirt":21,"minecraft:gold_ore":18,"minecraft:oak_leaves":62},"minecraft:custom":{"minecraft:mob_kills":119,"minecraft:interact_with_crafting_table":33,"minecraft:leave_game":2,"minecraft:time_since_death":213809,"minecraft:climb_one_cm":1511,"minecraft:sprint_one_cm":487697,"minecraft:walk_one_cm":553119,"minecraft:damage_blocked_by_shield":515,"minecraft:drop":37,"minecraft:talked_to_villager":15,"minecraft:deaths":3,"minecraft:sneak_time":25502,"minecraft:walk_under_water_one_cm":8882,"minecraft:jump":3782,"minecraft:walk_on_water_one_cm":35402,"minecraft:interact_with_furnace":98,"minecraft:play_one_minute":262200,"minecraft:sleep_in_bed":4,"minecraft:time_since_rest":160490,"minecraft:damage_taken":2928,"minecraft:damage_dealt":14872,"minecraft:swim_one_cm":1722,"minecraft:fly_one_cm":1240567,"minecraft:open_chest":90,"minecraft:crouch_one_cm":73828,"minecraft:fish_caught":3,"minecraft:fall_one_cm":76667},"minecraft:used":{"minecraft:oak_fence":32,"minecraft:stone_sword":157,"minecraft:iron_shovel":373,"minecraft:carved_pumpkin":9,"minecraft:tropical_fish":1,"minecraft:oak_sign":4,"minecraft:chest":4,"minecraft:shield":16,"minecraft:iron_sword":267,"minecraft:oak_door":20,"minecraft:torch":97,"minecraft:dirt":337,"minecraft:carrot":1,"minecraft:acacia_sapling":2,"minecraft:granite":1,"minecraft:obsidian":1,"minecraft:glass":2150,"minecraft:grass_block":54,"minecraft:iron_block":25,"minecraft:iron_axe":267,"minecraft:oak_stairs":43,"minecraft:beef":2,"minecraft:oak_sapling":20,"minecraft:furnace":7,"minecraft:cooked_cod":1,"minecraft:stone_pressure_plate":1,"minecraft:egg":2,"minecraft:cooked_beef":12,"minecraft:potato":1,"minecraft:cooked_mutton":6,"minecraft:stone_pickaxe":167,"minecraft:oak_planks":27,"minecraft:wooden_pickaxe":24,"minecraft:sandstone":11,"minecraft:oak_slab":8,"minecraft:crafting_table":3,"minecraft:netherite_block":1,"minecraft:lever":2,"minecraft:apple":2,"minecraft:oxeye_daisy":2,"minecraft:chiseled_sandstone":1,"minecraft:chicken":1,"minecraft:stone_button":2,"minecraft:iron_pickaxe":684,"minecraft:oak_pressure_plate":32,"minecraft:spruce_sapling":1,"minecraft:gravel":10,"minecraft:stone_axe":139,"minecraft:pink_bed":2,"minecraft:fishing_rod":4,"minecraft:cobblestone":1520,"minecraft:stripped_oak_wood":9,"minecraft:cooked_porkchop":13,"minecraft:andesite":3,"minecraft:bucket":1,"minecraft:dandelion":2,"minecraft:bone_meal":1},"minecraft:picked_up":{"minecraft:fishing_rod":2,"minecraft:crafting_table":3,"minecraft:azure_bluet":4,"minecraft:chicken":6,"minecraft:gold_block":3,"minecraft:birch_button":17,"minecraft:shield":1,"minecraft:string":18,"minecraft:iron_leggings":1,"minecraft:oak_sign":3,"minecraft:bucket":2,"minecraft:beef":35,"minecraft:poppy":2,"minecraft:light_gray_wool":2,"minecraft:sugar_cane":106,"minecraft:furnace":4,"minecraft:egg":3,"minecraft:stick":33,"minecraft:sandstone":11,"minecraft:torch":49,"minecraft:acacia_log":25,"minecraft:porkchop":42,"minecraft:carrot":9,"minecraft:redstone":28,"minecraft:stone_pressure_plate":3,"minecraft:tnt":9,"minecraft:arrow":21,"minecraft:stone_sword":1,"minecraft:cactus":4,"minecraft:rotten_flesh":45,"minecraft:tropical_fish":1,"minecraft:peony":2,"minecraft:hay_block":2,"minecraft:mutton":25,"minecraft:cod":2,"minecraft:white_wool":14,"minecraft:cobblestone":554,"minecraft:oxeye_daisy":5,"minecraft:birch_log":7,"minecraft:cooked_beef":1,"minecraft:feather":7,"minecraft:lilac":4,"minecraft:andesite":15,"minecraft:cut_sandstone":6,"minecraft:brown_wool":3,"minecraft:leather":13,"minecraft:potato":4,"minecraft:flint":1,"minecraft:oak_log":302,"minecraft:lapis_lazuli":83,"minecraft:dirt":366,"minecraft:orange_terracotta":1,"minecraft:cooked_mutton":5,"minecraft:bone":18,"minecraft:apple":2,"minecraft:wheat_seeds":16,"minecraft:stone_pickaxe":2,"minecraft:iron_ingot":17,"minecraft:iron_ore":106,"minecraft:acacia_sapling":3,"minecraft:iron_sword":3,"minecraft:oak_planks":46,"minecraft:pink_bed":1,"minecraft:cooked_porkchop":17,"minecraft:dandelion":7,"minecraft:gravel":21,"minecraft:sand":242,"minecraft:spruce_sapling":1,"minecraft:white_bed":1,"minecraft:gold_ore":18,"minecraft:chiseled_sandstone":1,"minecraft:spider_eye":10,"minecraft:slime_ball":20,"minecraft:diamond":3,"minecraft:stone_axe":2,"minecraft:granite":1,"minecraft:emerald":5,"minecraft:oak_sapling":24,"minecraft:coal":332},"minecraft:broken":{"minecraft:iron_shovel":1,"minecraft:stone_sword":1,"minecraft:stone_pickaxe":1,"minecraft:iron_axe":1,"minecraft:stone_axe":1,"minecraft:iron_pickaxe":2},"minecraft:dropped":{"minecraft:iron_sword":1,"minecraft:wheat_seeds":5,"minecraft:cooked_beef":5,"minecraft:cobblestone":681,"minecraft:dirt":28,"minecraft:brown_wool":1,"minecraft:cut_sandstone":6,"minecraft:bucket":1,"minecraft:white_wool":6,"minecraft:acacia_planks":17,"minecraft:furnace":1,"minecraft:stone_sword":1,"minecraft:rotten_flesh":7,"minecraft:orange_terracotta":1,"minecraft:stone_pressure_plate":2,"minecraft:stone_pickaxe":1},"minecraft:killed":{"minecraft:spider":12,"minecraft:slime":12,"minecraft:skeleton":8,"minecraft:chicken":6,"minecraft:drowned":1,"minecraft:husk":5,"minecraft:pig":18,"minecraft:creeper":1,"minecraft:sheep":17,"minecraft:zombie":21,"minecraft:enderman":1,"minecraft:cow":15},"minecraft:crafted":{"minecraft:oak_planks":132,"minecraft:oak_sign":3,"minecraft:fishing_rod":1,"minecraft:pink_bed":1,"minecraft:furnace":6,"minecraft:bone_meal":21,"minecraft:pink_dye":4,"minecraft:oak_trapdoor":4,"minecraft:glass":274,"minecraft:bow":2,"minecraft:iron_boots":1,"minecraft:iron_axe":2,"minecraft:stone_pickaxe":3,"minecraft:chest":4,"minecraft:magenta_dye":2,"minecraft:cooked_beef":30,"minecraft:red_dye":1,"minecraft:cooked_cod":1,"minecraft:cooked_porkchop":6,"minecraft:crafting_table":2,"minecraft:wooden_pickaxe":1,"minecraft:iron_helmet":1,"minecraft:birch_planks":28,"minecraft:stone_axe":1,"minecraft:air":0,"minecraft:white_wool":1,"minecraft:shield":1,"minecraft:stick":40,"minecraft:iron_ingot":41,"minecraft:iron_pickaxe":3,"minecraft:stone_sword":2,"minecraft:iron_shovel":3,"minecraft:gold_ingot":9,"minecraft:light_gray_dye":2,"minecraft:acacia_planks":24,"minecraft:torch":64},"minecraft:killed_by":{"minecraft:creeper":1,"minecraft:skeleton":1,"minecraft:zombie":1}},"DataVersion":2586}