{"stats":{"minecraft:mined":{"minecraft:white_bed":6,"minecraft:granite":5,"minecraft:grass_block":165,"minecraft:hay_block":2,"minecraft:furnace":1,"minecraft:iron_ore":100,"minecraft:andesite":9,"minecraft:pumpkin":1,"minecraft:azure_bluet":4,"minecraft:peony":2,"minecraft:stone":327,"minecraft:dandelion":8,"minecraft:crafting_table":3,"minecraft:emerald_ore":3,"minecraft:chest":1,"minecraft:cobblestone":251,"minecraft:tall_grass":2,"minecraft:birch_planks":45,"minecraft:cactus":1,"minecraft:grass":207,"minecraft:oak_log":13,"minecraft:coal_ore":86,"minecraft:sand":2,"minecraft:dirt":31,"minecraft:gold_ore":32,"minecraft:oak_leaves":8},"minecraft:custom":{"minecraft:mob_kills":44,"minecraft:interact_with_crafting_table":33,"minecraft:leave_game":1,"minecraft:time_since_death":15572,"minecraft:climb_one_cm":24,"minecraft:sprint_one_cm":164034,"minecraft:walk_one_cm":456536,"minecraft:damage_blocked_by_shield":680,"minecraft:drop":48,"minecraft:deaths":1,"minecraft:sneak_time":4365,"minecraft:walk_under_water_one_cm":8949,"minecraft:jump":1491,"minecraft:walk_on_water_one_cm":12504,"minecraft:interact_with_furnace":89,"minecraft:play_one_minute":107627,"minecraft:sleep_in_bed":4,"minecraft:time_since_rest":15612,"minecraft:damage_taken":1506,"minecraft:damage_dealt":6179,"minecraft:swim_one_cm":5907,"minecraft:fly_one_cm":185832,"minecraft:open_chest":52,"minecraft:crouch_one_cm":17168,"minecraft:fall_one_cm":37507},"minecraft:used":{"minecraft:stone_sword":15,"minecraft:iron_shovel":190,"minecraft:chest":5,"minecraft:shield":20,"minecraft:iron_sword":123,"minecraft:cooked_chicken":2,"minecraft:torch":17,"minecraft:dirt":96,"minecraft:granite":5,"minecraft:wooden_axe":44,"minecraft:lava_bucket":8,"minecraft:iron_axe":45,"minecraft:oak_stairs":4,"minecraft:furnace":6,"minecraft:cooked_beef":10,"minecraft:cooked_mutton":5,"minecraft:birch_planks":45,"minecraft:stone_pickaxe":262,"minecraft:oak_planks":4,"minecraft:cactus":1,"minecraft:crafting_table":4,"minecraft:white_bed":7,"minecraft:iron_pickaxe":560,"minecraft:cobblestone":379,"minecraft:cooked_porkchop":1,"minecraft:bucket":9},"minecraft:picked_up":{"minecraft:iron_chestplate":1,"minecraft:crafting_table":3,"minecraft:azure_bluet":4,"minecraft:chicken":2,"minecraft:oak_stairs":4,"minecraft:shield":1,"minecraft:iron_axe":2,"minecraft:iron_leggings":1,"minecraft:bucket":1,"minecraft:beef":43,"minecraft:iron_pickaxe":1,"minecraft:sugar_cane":19,"minecraft:chest":1,"minecraft:iron_boots":3,"minecraft:furnace":2,"minecraft:stick":7,"minecraft:torch":5,"minecraft:acacia_log":15,"minecraft:porkchop":13,"minecraft:carrot":2,"minecraft:arrow":8,"minecraft:stone_sword":2,"minecraft:cactus":1,"minecraft:rotten_flesh":26,"minecraft:stone_shovel":1,"minecraft:peony":4,"minecraft:mutton":7,"minecraft:white_wool":9,"minecraft:cobblestone":656,"minecraft:birch_log":200,"minecraft:feather":2,"minecraft:cooked_beef":5,"minecraft:andesite":9,"minecraft:brown_wool":1,"minecraft:leather":4,"minecraft:birch_planks":81,"minecraft:oak_log":43,"minecraft:dirt":208,"minecraft:lapis_lazuli":98,"minecraft:cooked_mutton":9,"minecraft:bone":6,"minecraft:acacia_planks":38,"minecraft:wheat_seeds":32,"minecraft:stone_pickaxe":1,"minecraft:iron_ingot":85,"minecraft:cooked_chicken":6,"minecraft:iron_ore":183,"minecraft:oak_planks":12,"minecraft:iron_sword":3,"minecraft:cooked_porkchop":12,"minecraft:pumpkin":1,"minecraft:dandelion":7,"minecraft:gravel":1,"minecraft:lava_bucket":1,"minecraft:sand":18,"minecraft:white_bed":3,"minecraft:spruce_log":23,"minecraft:gold_ore":43,"minecraft:slime_ball":11,"minecraft:diamond":7,"minecraft:granite":5,"minecraft:emerald":17,"minecraft:coal":337},"minecraft:broken":{"minecraft:stone_pickaxe":2,"minecraft:iron_pickaxe":2,"minecraft:wooden_axe":1},"minecraft:dropped":{"minecraft:iron_sword":4,"minecraft:cooked_beef":5,"minecraft:cooked_porkchop":8,"minecraft:iron_helmet":1,"minecraft:cobblestone":63,"minecraft:torch":4,"minecraft:iron_leggings":1,"minecraft:iron_axe":2,"minecraft:iron_pickaxe":1,"minecraft:bucket":2,"minecraft:bone":3,"minecraft:stone_shovel":1,"minecraft:rotten_flesh":2,"minecraft:iron_boots":3,"minecraft:cooked_mutton":7,"minecraft:shield":1,"minecraft:arrow":4},"minecraft:killed":{"minecraft:skeleton":3,"minecraft:chicken":3,"minecraft:pig":8,"minecraft:creeper":1,"minecraft:sheep":5,"minecraft:zombie":14,"minecraft:cow":9},"minecraft:crafted":{"minecraft:oak_planks":52,"minecraft:stone_shovel":1,"minecraft:leather_boots":1,"minecraft:cooked_chicken":8,"minecraft:furnace":4,"minecraft:cooked_mutton":16,"minecraft:iron_boots":2,"minecraft:iron_axe":2,"minecraft:iron_hoe":1,"minecraft:stone_pickaxe":1,"minecraft:chest":4,"minecraft:cooked_beef":14,"minecraft:cooked_porkchop":21,"minecraft:crafting_table":1,"minecraft:iron_helmet":1,"minecraft:iron_sword":3,"minecraft:bucket":3,"minecraft:birch_planks":72,"minecraft:air":0,"minecraft:iron_chestplate":3,"minecraft:charcoal":4,"minecraft:shield":2,"minecraft:stick":36,"minecraft:iron_ingot":175,"minecraft:iron_pickaxe":5,"minecraft:oak_stairs":4,"minecraft:wooden_axe":1,"minecraft:iron_shovel":1,"minecraft:iron_leggings":3,"minecraft:gold_ingot":53,"minecraft:white_bed":3,"minecraft:acacia_planks":28,"minecraft:torch":16},"minecraft:killed_by":{"minecraft:zombie":1}},"DataVersion":2586}