{"stats":{"minecraft:mined":{"minecraft:white_bed":6,"minecraft:granite":5,"minecraft:grass_block":582,"minecraft:oxeye_daisy":12,"minecraft:hay_block":9,"minecraft:furnace":1,"minecraft:iron_ore":100,"minecraft:andesite":9,"minecraft:pumpkin":1,"minecraft:azure_bluet":5,"minecraft:peony":2,"minecraft:oak_sign":1,"minecraft:stone":327,"minecraft:dandelion":9,"minecraft:crafting_table":3,"minecraft:emerald_ore":3,"minecraft:chest":1,"minecraft:tall_grass":4,"minecraft:cobblestone":344,"minecraft:birch_planks":45,"minecraft:cactus":1,"minecraft:grass":280,"minecraft:oak_log":13,"minecraft:coal_ore":86,"minecraft:birch_button":3,"minecraft:sand":2,"minecraft:dirt":126,"minecraft:gold_ore":32,"minecraft:oak_leaves":8},"minecraft:custom":{"minecraft:mob_kills":52,"minecraft:interact_with_crafting_table":39,"minecraft:leave_game":2,"minecraft:time_since_death":141327,"minecraft:climb_one_cm":1926,"minecraft:sprint_one_cm":276750,"minecraft:walk_one_cm":730730,"minecraft:damage_blocked_by_shield":680,"minecraft:drop":52,"minecraft:deaths":1,"minecraft:sneak_time":17876,"minecraft:walk_under_water_one_cm":8949,"minecraft:jump":2564,"minecraft:walk_on_water_one_cm":12504,"minecraft:interact_with_furnace":91,"minecraft:play_one_minute":233382,"minecraft:sleep_in_bed":4,"minecraft:time_since_rest":141367,"minecraft:damage_taken":1778,"minecraft:damage_dealt":7436,"minecraft:swim_one_cm":5907,"minecraft:fly_one_cm":582853,"minecraft:open_chest":62,"minecraft:crouch_one_cm":82496,"minecraft:fall_one_cm":51285},"minecraft:picked_up":{"minecraft:crafting_table":3,"minecraft:iron_chestplate":1,"minecraft:azure_bluet":4,"minecraft:chicken":2,"minecraft:ladder":6,"minecraft:oak_stairs":4,"minecraft:birch_button":3,"minecraft:shield":1,"minecraft:string":3,"minecraft:iron_axe":2,"minecraft:iron_leggings":1,"minecraft:oak_sign":2,"minecraft:bucket":1,"minecraft:beef":43,"minecraft:poppy":1,"minecraft:iron_pickaxe":1,"minecraft:sugar_cane":19,"minecraft:chest":1,"minecraft:iron_boots":3,"minecraft:furnace":2,"minecraft:stick":7,"minecraft:torch":6,"minecraft:acacia_log":15,"minecraft:porkchop":13,"minecraft:carrot":2,"minecraft:arrow":18,"minecraft:stone_sword":2,"minecraft:cactus":1,"minecraft:rotten_flesh":34,"minecraft:stone_shovel":1,"minecraft:peony":4,"minecraft:hay_block":7,"minecraft:mutton":7,"minecraft:white_wool":9,"minecraft:cobblestone":1432,"minecraft:oxeye_daisy":15,"minecraft:birch_log":200,"minecraft:feather":2,"minecraft:cooked_beef":5,"minecraft:andesite":9,"minecraft:brown_wool":1,"minecraft:leather":4,"minecraft:birch_planks":83,"minecraft:oak_log":43,"minecraft:gunpowder":7,"minecraft:lapis_lazuli":98,"minecraft:dirt":748,"minecraft:cooked_mutton":9,"minecraft:bone":17,"minecraft:acacia_planks":38,"minecraft:wheat_seeds":52,"minecraft:iron_ingot":90,"minecraft:stone_pickaxe":1,"minecraft:cooked_chicken":6,"minecraft:iron_ore":183,"minecraft:iron_sword":3,"minecraft:oak_planks":12,"minecraft:cooked_porkchop":12,"minecraft:pumpkin":1,"minecraft:dandelion":12,"minecraft:gravel":1,"minecraft:lava_bucket":1,"minecraft:sand":18,"minecraft:grass_block":1,"minecraft:white_bed":3,"minecraft:spruce_log":23,"minecraft:gold_ore":43,"minecraft:slime_ball":11,"minecraft:diamond":7,"minecraft:granite":5,"minecraft:emerald":17,"minecraft:coal":337},"minecraft:used":{"minecraft:oak_fence":1,"minecraft:stone_sword":15,"minecraft:iron_shovel":718,"minecraft:ladder":18,"minecraft:oak_sign":1,"minecraft:chest":5,"minecraft:shield":20,"minecraft:iron_sword":150,"minecraft:stripped_birch_wood":1,"minecraft:cooked_chicken":7,"minecraft:torch":17,"minecraft:dirt":1420,"minecraft:granite":5,"minecraft:glass":51,"minecraft:wooden_axe":44,"minecraft:lava_bucket":8,"minecraft:iron_axe":45,"minecraft:oak_stairs":4,"minecraft:birch_button":64,"minecraft:hay_block":2,"minecraft:furnace":6,"minecraft:cooked_beef":12,"minecraft:cooked_mutton":5,"minecraft:birch_planks":625,"minecraft:stone_pickaxe":262,"minecraft:oak_planks":4,"minecraft:cactus":1,"minecraft:diamond_block":1,"minecraft:crafting_table":4,"minecraft:white_bed":7,"minecraft:iron_pickaxe":653,"minecraft:cobblestone":2527,"minecraft:cooked_porkchop":1,"minecraft:birch_log":44,"minecraft:bucket":9,"minecraft:dandelion":7,"minecraft:birch_stairs":253},"minecraft:broken":{"minecraft:iron_shovel":2,"minecraft:stone_pickaxe":2,"minecraft:iron_pickaxe":2,"minecraft:wooden_axe":1},"minecraft:dropped":{"minecraft:iron_sword":4,"minecraft:cooked_beef":5,"minecraft:cooked_porkchop":8,"minecraft:iron_helmet":1,"minecraft:cobblestone":63,"minecraft:dirt":156,"minecraft:torch":4,"minecraft:iron_leggings":1,"minecraft:iron_axe":2,"minecraft:iron_pickaxe":1,"minecraft:bucket":2,"minecraft:dandelion":1,"minecraft:bone":3,"minecraft:stone_shovel":1,"minecraft:rotten_flesh":2,"minecraft:iron_boots":3,"minecraft:cooked_mutton":7,"minecraft:shield":1,"minecraft:arrow":4},"minecraft:killed":{"minecraft:phantom":1,"minecraft:skeleton":3,"minecraft:chicken":3,"minecraft:pig":8,"minecraft:creeper":7,"minecraft:sheep":5,"minecraft:zombie":15,"minecraft:cow":9},"minecraft:crafted":{"minecraft:oak_planks":52,"minecraft:stone_shovel":1,"minecraft:leather_boots":1,"minecraft:cooked_chicken":8,"minecraft:furnace":4,"minecraft:cooked_mutton":16,"minecraft:iron_boots":2,"minecraft:iron_axe":2,"minecraft:iron_hoe":1,"minecraft:stone_pickaxe":1,"minecraft:chest":4,"minecraft:birch_button":64,"minecraft:cooked_beef":14,"minecraft:cooked_porkchop":21,"minecraft:crafting_table":1,"minecraft:iron_helmet":1,"minecraft:iron_sword":3,"minecraft:bucket":3,"minecraft:birch_planks":72,"minecraft:air":0,"minecraft:iron_chestplate":3,"minecraft:charcoal":4,"minecraft:shield":2,"minecraft:stick":44,"minecraft:iron_ingot":175,"minecraft:iron_pickaxe":5,"minecraft:oak_stairs":4,"minecraft:wooden_axe":1,"minecraft:iron_leggings":3,"minecraft:iron_shovel":3,"minecraft:gold_ingot":53,"minecraft:white_bed":3,"minecraft:acacia_planks":28,"minecraft:torch":16},"minecraft:killed_by":{"minecraft:zombie":1}},"DataVersion":2586}