{"stats":{"minecraft:picked_up":{"minecraft:birch_log":59,"minecraft:stick":2,"minecraft:air":0,"minecraft:cooked_porkchop":9,"minecraft:andesite":6,"minecraft:torch":6,"minecraft:diamond_sword":1,"sophisticatedbackpacks:backpack":1,"minecraft:birch_planks":7,"minecraft:oak_log":35,"sophisticatedbackpacks:iron_backpack":1,"minecraft:diorite":8,"minecraft:carrot":64,"minecraft:dirt":146,"minecraft:arrow":64,"minecraft:diamond_chestplate":1,"minecraft:rotten_flesh":2,"minecraft:stone_shovel":1,"minecraft:bow":1,"minecraft:stone_axe":1,"minecraft:diamond_leggings":1,"minecraft:diamond_boots":1,"minecraft:iron_ore":10,"minecraft:granite":3,"minecraft:diamond_helmet":1,"minecraft:sugar_cane":1,"minecraft:oak_planks":46,"minecraft:coal":28,"minecraft:cobblestone":336},"minecraft:killed":{"minecraft:zombie":1},"minecraft:mined":{"minecraft:birch_planks":7,"minecraft:iron_ore":10,"minecraft:birch_log":46,"minecraft:andesite":6,"minecraft:birch_leaves":2,"minecraft:torch":3,"minecraft:granite":3,"minecraft:grass":3,"minecraft:grass_block":3,"minecraft:oak_log":37,"minecraft:coal_ore":28,"minecraft:dirt":71,"minecraft:stone":341,"minecraft:oak_planks":46,"minecraft:diorite":9,"minecraft:oak_leaves":1,"minecraft:wall_torch":1},"minecraft:broken":{"minecraft:stone_pickaxe":3,"minecraft:stone_axe":1},"minecraft:used":{"minecraft:birch_planks":59,"minecraft:stone_pickaxe":458,"minecraft:oak_planks":60,"minecraft:stone_axe":144,"minecraft:torch":10,"minecraft:dirt":64,"minecraft:crafting_table":1},"minecraft:crafted":{"minecraft:oak_planks":64,"minecraft:crafting_table":1,"minecraft:stick":52,"minecraft:stone_pickaxe":5,"minecraft:chest":1,"minecraft:birch_door":3,"minecraft:torch":32,"minecraft:birch_planks":128,"minecraft:stone_axe":2,"minecraft:granite_slab":6,"minecraft:polished_andesite":4},"minecraft:custom":{"minecraft:time_since_rest":52520,"minecraft:interact_with_furnace":1,"minecraft:sprint_one_cm":1150,"minecraft:damage_taken":90,"minecraft:walk_one_cm":376716,"minecraft:mob_kills":1,"minecraft:interact_with_anvil":1,"minecraft:damage_dealt":200,"minecraft:interact_with_crafting_table":5,"minecraft:fly_one_cm":469,"minecraft:open_chest":18,"minecraft:play_one_minute":74271,"minecraft:crouch_one_cm":89,"minecraft:sneak_time":61,"minecraft:walk_under_water_one_cm":5023,"minecraft:jump":307,"minecraft:interact_with_blast_furnace":2,"minecraft:leave_game":1,"minecraft:time_since_death":74271,"minecraft:walk_on_water_one_cm":4167,"minecraft:sleep_in_bed":1,"minecraft:interact_with_smoker":1,"minecraft:climb_one_cm":4385,"minecraft:fall_one_cm":2464}},"DataVersion":2586}